Company_ID,Quarter,Revenue,Net_Profit,Debt_to_Equity,Current_Ratio,EPS,Stock_Volatility,Market_Cap,Credit_Score,Credit_Risk_Score,Stock_Trend
C103,Q2,3497.33,-144.77,0.75,1.17,16.58,39.61,369.33,818,Low,Up
C436,Q2,3525.62,811.97,1.94,2.52,4.0,59.71,452.12,488,High,Down
C349,Q2,899.88,716.63,3.39,1.75,10.98,59.78,118.04,650,Medium,Up
C271,Q4,2525.56,1446.98,3.93,4.74,18.05,52.17,88.11,582,Medium,Up
C107,Q3,2089.19,623.16,2.7,4.48,-1.21,8.51,348.26,456,High,Stable
C072,Q4,4359.11,-91.88,2.99,0.88,9.17,57.43,488.5,447,High,Down
C189,Q1,3175.52,737.87,1.08,2.82,14.11,38.7,375.1,369,High,Down
C021,Q1,2685.9,1229.86,1.51,1.51,13.94,49.05,142.65,669,Medium,Stable
C103,Q4,621.2,1494.64,0.89,2.35,8.14,27.4,210.27,814,Low,Stable
C122,Q4,3047.91,531.58,1.32,4.45,10.62,22.58,192.47,533,High,Up
C467,Q2,630.16,344.51,1.2,2.87,13.94,30.48,426.12,766,Low,Stable
C215,Q4,1719.17,1341.31,2.65,2.0,16.03,13.08,385.8,586,Medium,Stable
C331,Q2,757.07,125.11,2.86,1.44,14.05,24.64,294.69,593,Medium,Up
C459,Q1,3475.76,846.23,4.73,4.1,3.85,52.17,137.84,780,Low,Stable
C088,Q2,1070.95,489.71,1.06,3.31,19.92,7.09,469.03,433,High,Up
C373,Q4,1989.7,-130.16,3.24,2.61,5.86,13.3,326.83,307,High,Down
C100,Q1,4483.59,390.39,4.1,1.48,-4.39,11.88,485.25,327,High,Down
C360,Q3,1061.37,250.89,2.85,2.0,4.07,27.17,290.27,819,Low,Up
C152,Q2,2563.64,966.35,1.35,4.82,-1.81,59.83,410.69,609,Medium,Stable
C131,Q1,2125.39,1412.94,1.39,2.84,-1.96,14.53,406.65,840,Low,Stable
C150,Q2,139.71,255.68,0.29,2.3,2.04,13.0,169.0,793,Low,Stable
C309,Q1,3974.15,1179.49,1.6,2.85,-3.67,55.33,482.03,333,High,Up
C258,Q1,391.78,-105.89,3.75,4.01,12.21,53.51,11.46,306,High,Up
C344,Q2,2397.56,714.81,0.33,2.03,-3.15,6.77,384.47,339,High,Stable
C492,Q3,2825.36,-80.06,1.17,1.3,0.08,46.34,482.8,629,Medium,Up
C414,Q1,3160.71,1387.86,3.56,3.13,-2.68,41.05,169.78,361,High,Down
C294,Q1,3458.73,1102.8,3.93,3.49,-3.42,47.23,324.23,385,High,Stable
C386,Q1,1303.7,918.51,2.33,3.71,1.69,32.2,281.33,415,High,Up
C192,Q3,99.39,1200.62,3.52,4.47,9.3,59.53,380.87,596,Medium,Up
C444,Q3,3631.05,900.78,2.0,2.17,19.12,7.41,433.16,678,Low,Down
C277,Q4,2701.5,1447.21,0.88,0.84,16.89,17.89,301.72,621,Medium,Up
C161,Q2,4188.78,1013.73,2.05,4.81,16.9,26.81,408.04,694,Low,Down
C460,Q3,4115.87,1371.92,2.94,2.46,-0.6,29.74,156.49,656,Medium,Up
C314,Q2,4224.46,679.12,4.75,3.3,1.62,55.68,114.68,718,Low,Up
C022,Q4,2451.22,-0.99,0.44,3.5,-3.09,35.8,215.62,777,Low,Stable
C253,Q2,1701.46,697.9,2.59,2.96,14.46,7.48,339.03,635,Medium,Down
C236,Q3,3968.21,15.68,1.71,1.42,-3.25,27.43,94.03,319,High,Down
C345,Q2,2283.91,807.24,2.59,3.9,8.92,27.91,340.34,711,Low,Up
C049,Q3,958.04,620.24,0.22,4.12,1.2,58.1,197.35,848,Low,Down
C475,Q2,4282.12,858.38,1.63,2.99,1.09,37.96,397.89,558,High,Stable
C059,Q3,4418.67,-182.92,4.12,2.7,19.77,39.96,18.9,656,Medium,Down
C170,Q3,2358.23,131.23,2.81,1.01,13.92,44.23,334.16,500,High,Down
C476,Q2,424.71,635.26,2.31,0.88,15.92,47.35,325.09,710,Low,Up
C188,Q4,1969.74,1415.86,1.5,2.03,9.3,39.93,470.5,587,Medium,Down
C464,Q1,4027.51,452.14,1.56,1.9,16.78,18.05,356.83,347,High,Stable
C271,Q4,4513.78,521.43,1.98,4.79,11.14,53.07,398.25,669,Medium,Stable
C190,Q2,1057.19,1014.98,4.19,4.03,18.65,45.27,452.34,530,High,Down
C446,Q4,381.52,826.45,4.84,3.47,2.03,45.8,337.69,394,High,Stable
C175,Q3,4392.88,308.17,2.25,2.83,9.88,59.81,145.43,602,Medium,Up
C446,Q1,1977.55,498.39,2.03,1.25,12.25,49.14,434.95,517,High,Down
C051,Q2,2731.72,170.09,4.25,4.9,4.82,50.6,373.92,686,Low,Up
C364,Q2,4841.93,1442.24,2.19,2.19,16.99,57.33,212.51,390,High,Down
C055,Q2,379.5,22.08,2.8,0.98,19.5,13.31,355.41,357,High,Up
C244,Q1,3259.17,432.12,1.23,2.72,7.34,32.38,433.91,733,Low,Stable
C320,Q3,416.82,-156.07,3.74,4.43,4.77,36.93,487.84,821,Low,Stable
C131,Q2,1908.57,177.03,2.71,4.49,6.8,23.11,476.2,782,Low,Up
C485,Q4,4028.88,1126.8,4.06,0.55,16.32,51.17,163.0,666,Medium,Down
C307,Q2,2195.69,142.0,3.93,4.49,11.14,46.93,211.14,706,Low,Stable
C135,Q2,4986.05,-63.89,1.15,1.72,-3.88,44.65,55.21,817,Low,Up
C021,Q2,2817.34,606.57,3.61,0.68,8.55,59.84,124.15,630,Medium,Up
C329,Q2,1639.75,-183.05,4.02,4.32,-4.57,19.27,441.27,534,High,Up
C167,Q3,1139.55,-55.9,1.8,4.39,14.46,45.45,180.74,710,Low,Up
C274,Q4,1785.08,1172.96,0.95,3.18,3.21,35.33,310.47,482,High,Down
C388,Q3,1894.04,1111.5,0.11,3.08,6.8,22.21,333.15,586,Medium,Down
C089,Q4,390.13,1355.74,2.31,4.16,14.97,13.83,391.02,422,High,Down
C316,Q2,1879.39,1252.68,1.83,4.04,-3.84,54.27,91.81,457,High,Down
C014,Q1,2347.98,961.4,2.82,4.51,-1.04,37.75,152.75,622,Medium,Stable
C242,Q3,3627.55,-111.03,1.02,2.99,4.95,50.37,224.44,312,High,Stable
C265,Q1,3300.81,1130.84,4.31,4.85,0.75,34.99,182.74,503,High,Down
C346,Q3,3558.39,1237.37,1.36,4.98,3.45,17.1,491.46,601,Medium,Up
C053,Q2,91.4,1158.44,1.21,1.02,19.95,23.57,417.55,342,High,Up
C386,Q3,1127.45,664.41,2.46,4.32,15.64,25.98,240.1,805,Low,Up
C340,Q2,3325.34,195.93,2.54,2.75,17.1,58.51,439.69,490,High,Stable
C092,Q3,2445.75,1237.06,1.15,2.24,18.43,5.31,174.15,359,High,Up
C367,Q2,76.3,1036.18,1.43,3.26,3.52,59.21,393.02,765,Low,Up
C444,Q2,4032.25,1467.29,0.93,0.75,2.43,58.93,112.23,678,Low,Stable
C455,Q4,3875.41,64.68,3.62,2.78,0.85,59.79,386.27,728,Low,Down
C428,Q2,2764.67,183.63,3.87,4.42,15.75,31.21,228.5,361,High,Stable
C264,Q4,378.99,160.06,2.37,1.46,11.99,58.01,54.2,601,Medium,Stable
C431,Q2,3844.25,1147.32,3.6,2.42,0.9,26.76,136.99,471,High,Up
C035,Q1,2939.38,117.74,3.71,4.73,4.42,6.45,201.44,804,Low,Stable
C206,Q2,3920.7,-86.68,0.78,2.43,7.67,17.34,374.77,362,High,Up
C081,Q1,3771.15,1497.55,4.83,2.11,8.2,56.99,36.95,315,High,Stable
C420,Q1,4024.86,-157.81,4.12,2.48,17.22,5.76,329.94,400,High,Down
C050,Q2,2614.14,1219.91,1.1,2.84,4.51,35.03,358.15,475,High,Stable
C360,Q1,744.61,421.12,1.01,3.34,17.71,9.16,327.13,492,High,Stable
C388,Q4,3372.23,1230.75,0.72,4.1,6.03,20.75,380.45,572,High,Down
C002,Q3,3121.35,742.85,0.78,2.53,13.66,9.85,89.5,766,Low,Down
C390,Q2,3724.15,1332.77,3.77,4.18,18.26,52.27,293.76,474,High,Stable
C054,Q1,890.91,1374.53,2.4,2.9,17.69,37.51,470.6,533,High,Stable
C106,Q2,1015.13,-184.53,3.94,2.02,-3.58,54.62,305.59,515,High,Down
C260,Q4,4457.53,-71.8,3.76,3.46,0.14,42.86,305.86,790,Low,Down
C310,Q2,3762.39,225.61,3.06,3.73,6.92,58.41,368.35,716,Low,Up
C477,Q2,4545.73,937.84,3.46,3.01,5.79,33.04,166.94,832,Low,Stable
C191,Q1,3805.64,1310.06,0.19,0.75,11.02,40.13,350.39,750,Low,Down
C402,Q4,3005.92,581.9,1.63,1.26,18.62,36.7,458.16,579,High,Stable
C218,Q3,3287.96,831.85,3.23,1.78,-2.19,31.63,5.94,543,High,Down
C044,Q3,4451.18,120.45,0.15,1.77,6.3,51.53,435.12,445,High,Up
C162,Q1,2915.09,1168.44,0.26,3.53,-0.19,40.45,109.7,366,High,Up
C202,Q2,3180.34,1444.46,4.27,0.58,17.35,49.07,228.23,402,High,Up
C446,Q1,824.56,256.62,3.45,3.9,19.11,48.25,426.25,609,Medium,Down
C484,Q1,2395.91,641.2,1.4,1.69,6.97,15.51,412.04,416,High,Up
C270,Q1,3596.17,-53.6,3.47,1.9,-2.4,40.76,446.02,771,Low,Down
C351,Q2,1391.17,750.53,3.98,2.88,14.63,15.98,470.24,620,Medium,Up
C304,Q4,1051.16,654.73,1.6,1.47,12.43,37.08,223.85,734,Low,Up
C271,Q1,1603.44,45.54,0.28,4.48,3.87,42.26,328.35,669,Medium,Up
C456,Q2,1245.43,551.51,4.67,0.88,17.19,59.85,195.54,486,High,Up
C462,Q4,1113.82,367.98,1.79,2.5,19.4,6.68,175.68,768,Low,Up
C215,Q1,2153.01,687.11,0.62,4.32,8.95,10.02,216.08,772,Low,Stable
C252,Q3,4543.8,795.61,2.51,3.27,9.14,9.24,371.67,753,Low,Up
C190,Q4,2559.95,-185.56,3.87,1.82,2.44,26.91,250.97,745,Low,Up
C296,Q1,980.21,1093.71,1.19,2.39,9.61,50.19,407.12,393,High,Stable
C213,Q4,431.01,1012.12,1.42,3.68,5.99,51.42,372.74,337,High,Up
C208,Q4,3495.97,422.69,1.29,4.88,2.55,45.53,10.73,781,Low,Stable
C237,Q4,1944.85,-110.01,4.96,4.52,-3.32,54.33,315.3,410,High,Stable
C338,Q4,4118.06,1083.39,1.07,2.04,1.32,22.76,218.57,709,Low,Down
C367,Q4,3314.58,1423.8,2.92,4.99,-0.05,9.85,228.59,467,High,Down
C053,Q4,3991.4,208.26,4.63,0.52,8.55,8.2,409.28,696,Low,Up
C280,Q1,1396.13,349.99,0.82,0.62,10.04,51.87,274.03,426,High,Down
C410,Q3,3477.18,112.48,4.86,4.21,10.21,45.17,442.87,341,High,Down
C217,Q2,1357.11,780.79,4.74,1.4,4.7,43.42,356.55,340,High,Up
C252,Q4,4698.39,63.23,4.43,0.77,5.53,23.68,276.64,786,Low,Up
C188,Q2,3200.05,405.53,1.15,1.57,15.86,25.89,377.39,698,Low,Stable
C380,Q1,1656.33,984.92,3.21,2.42,6.91,57.7,19.66,481,High,Up
C493,Q4,1384.08,752.2,3.83,3.79,19.69,8.51,14.03,480,High,Stable
C041,Q3,995.09,456.99,4.93,3.31,5.99,47.56,42.13,763,Low,Down
C157,Q2,3488.47,514.42,0.98,1.57,11.24,22.03,219.06,349,High,Up
C015,Q4,1132.64,755.59,3.85,2.76,-3.74,7.15,118.11,707,Low,Up
C301,Q1,2996.75,-190.03,1.76,4.67,11.33,45.84,492.14,700,Low,Up
C065,Q3,1359.94,-66.53,0.96,4.17,16.29,23.2,271.37,445,High,Down
C345,Q2,3326.75,1298.14,2.16,1.95,18.56,44.72,331.38,597,Medium,Up
C327,Q2,4083.95,-67.61,3.99,4.92,19.93,43.92,139.77,444,High,Down
C009,Q4,3901.22,1001.57,2.38,3.69,2.05,34.41,161.24,315,High,Down
C344,Q3,3816.21,1364.06,2.73,0.78,9.38,47.76,168.06,384,High,Stable
C129,Q3,979.23,260.16,4.98,0.66,6.27,36.96,349.52,515,High,Up
C492,Q3,487.51,429.84,2.06,1.26,9.1,20.77,237.12,781,Low,Down
C136,Q3,3509.8,767.17,3.12,3.78,-1.06,45.38,259.08,351,High,Up
C472,Q1,1873.32,1298.91,1.89,1.33,16.4,37.4,296.21,847,Low,Up
C063,Q3,2190.11,1401.24,2.02,2.8,17.74,5.7,384.52,406,High,Up
C139,Q2,204.19,1057.26,3.51,0.92,6.24,54.59,45.64,518,High,Stable
C499,Q2,1334.9,-52.75,4.7,4.64,2.01,35.01,388.55,636,Medium,Stable
C081,Q1,216.7,937.56,2.76,2.05,-1.48,52.77,281.84,670,Low,Up
C392,Q2,4401.97,497.52,3.87,4.59,12.09,53.55,334.71,553,High,Down
C163,Q2,1254.81,600.19,0.54,4.75,2.81,29.47,164.11,704,Low,Up
C419,Q3,2808.82,-116.45,1.13,0.53,17.74,32.92,204.99,329,High,Down
C289,Q2,242.95,124.81,2.56,2.59,11.78,27.87,115.97,484,High,Up
C379,Q1,3350.89,1143.87,0.2,0.61,11.14,29.72,489.66,588,Medium,Down
C261,Q3,1648.99,571.73,1.34,4.59,8.99,54.23,248.75,658,Medium,Down
C490,Q4,4494.7,312.83,2.64,2.83,-3.86,48.35,498.04,773,Low,Down
C231,Q3,4446.19,452.83,0.17,0.84,18.3,11.96,245.15,699,Low,Up
C041,Q1,1660.19,1252.48,1.4,1.0,10.7,38.57,110.27,432,High,Down
C028,Q3,4509.76,1073.3,2.62,2.23,19.85,59.77,253.97,801,Low,Down
C135,Q3,4980.98,262.94,2.91,4.73,8.43,37.76,20.28,802,Low,Up
C201,Q1,4135.81,-0.25,4.64,3.62,12.75,48.22,452.43,376,High,Up
C328,Q3,4232.11,228.4,3.26,4.4,-3.59,47.3,409.37,649,Medium,Stable
C268,Q1,1282.59,1365.29,2.13,2.15,10.79,24.27,363.05,359,High,Stable
C418,Q1,2904.68,788.7,4.66,0.69,14.12,25.45,305.11,754,Low,Up
C033,Q4,382.92,706.92,3.95,4.88,14.46,44.82,290.13,764,Low,Down
C048,Q2,519.84,813.87,1.08,0.58,14.25,32.5,498.37,610,Medium,Down
C407,Q2,4994.52,422.25,0.74,4.76,0.66,36.38,139.36,390,High,Stable
C062,Q3,1666.86,1172.08,3.41,2.16,19.38,44.21,389.95,597,Medium,Stable
C216,Q3,3753.51,689.59,2.84,0.55,19.88,47.77,290.91,624,Medium,Down
C293,Q4,4042.99,-1.53,3.97,3.6,-3.11,19.93,487.95,579,High,Up
C099,Q4,4297.22,19.41,3.72,4.91,18.41,13.07,413.99,417,High,Down
C172,Q4,4988.26,712.66,3.16,4.85,2.24,21.05,499.26,570,High,Stable
C360,Q1,1245.41,1392.17,4.93,1.22,12.23,32.91,294.37,816,Low,Stable
C214,Q4,249.74,324.2,2.71,1.32,3.45,23.82,102.67,400,High,Up
C475,Q4,2085.4,1278.22,0.65,3.04,19.19,36.26,252.09,687,Low,Stable
C035,Q3,693.9,1098.96,4.16,3.37,-2.46,7.94,355.7,585,Medium,Down
C449,Q4,161.01,221.28,1.33,3.83,7.44,33.04,387.29,352,High,Up
C227,Q1,1834.11,-138.22,3.91,1.31,5.7,25.24,0.75,539,High,Down
C101,Q1,3929.5,-26.86,4.79,4.82,3.15,34.41,252.76,513,High,Up
C431,Q3,2852.59,1038.44,3.51,3.37,11.14,28.24,118.0,660,Medium,Down
C462,Q4,1598.25,139.44,3.02,4.31,-1.72,20.63,437.52,663,Medium,Down
C131,Q4,3288.99,431.16,2.36,2.93,12.92,54.73,76.88,626,Medium,Stable
C257,Q1,1198.49,652.89,1.89,2.36,19.51,15.16,333.39,775,Low,Stable
C005,Q4,121.19,1033.3,1.83,4.9,15.11,42.48,133.4,396,High,Up
C218,Q4,3833.55,-7.51,3.22,3.12,16.5,55.86,178.59,626,Medium,Up
C255,Q4,3137.53,490.82,3.78,4.4,3.99,34.63,470.31,372,High,Stable
C398,Q2,3823.4,624.62,3.42,4.79,3.12,53.2,120.6,555,High,Down
C359,Q3,242.74,719.41,1.07,3.54,7.93,11.87,47.95,469,High,Stable
C283,Q2,4193.74,1191.21,2.52,2.97,-3.86,32.16,35.11,632,Medium,Up
C393,Q3,3116.65,91.85,3.98,0.52,18.63,30.14,252.56,456,High,Stable
C207,Q1,2838.81,1173.31,2.43,0.68,-1.41,5.45,321.03,718,Low,Down
C015,Q4,3141.84,977.89,2.73,1.4,17.58,29.38,163.98,757,Low,Up
C346,Q3,4328.94,744.98,3.88,1.34,-2.91,25.3,345.28,398,High,Up
C042,Q2,2955.34,989.2,3.34,1.65,15.57,41.84,30.99,543,High,Stable
C380,Q4,2925.7,500.43,2.11,1.87,-1.2,56.61,428.74,776,Low,Down
C461,Q1,4953.86,35.28,4.49,2.12,-4.05,9.72,408.38,740,Low,Stable
C179,Q3,3795.81,931.8,0.9,2.39,12.99,23.01,492.76,493,High,Stable
C063,Q3,2239.35,691.94,4.98,0.94,2.01,29.42,468.28,674,Low,Up
C352,Q3,3551.62,886.94,0.68,0.69,12.86,30.04,178.42,666,Medium,Down
C231,Q4,1976.69,374.6,0.17,3.53,8.88,47.61,199.94,454,High,Up
C241,Q2,1182.93,1341.67,4.46,2.92,-2.28,29.39,373.11,798,Low,Down
C052,Q2,3004.42,798.53,1.3,2.5,18.3,6.49,67.47,833,Low,Up
C096,Q3,4644.5,-54.82,3.68,3.35,6.31,44.06,157.35,757,Low,Down
C388,Q1,4649.24,564.67,4.07,4.22,13.36,53.67,59.71,412,High,Down
C222,Q1,1742.43,1085.81,4.31,2.42,7.53,33.26,227.72,323,High,Up
C485,Q2,2662.0,1150.03,4.96,3.39,10.11,36.96,276.23,582,Medium,Up
C407,Q1,1097.6,640.81,1.54,4.79,2.57,13.96,105.97,591,Medium,Down
C231,Q2,4978.37,1321.07,3.58,4.28,0.01,17.14,13.8,662,Medium,Stable
C237,Q3,4906.53,255.04,0.67,2.42,8.56,17.93,359.82,700,Low,Down
C143,Q2,3265.07,498.02,2.09,3.4,6.01,28.69,10.49,565,High,Stable
C171,Q2,4031.85,1327.61,4.26,1.3,4.75,56.05,486.71,353,High,Up
C029,Q3,3589.75,1323.64,1.9,3.02,11.81,33.7,111.19,721,Low,Up
C036,Q1,2986.13,965.71,3.0,4.92,12.26,15.57,332.12,773,Low,Down
C013,Q2,314.07,1260.27,2.57,2.83,-3.85,19.63,217.66,542,High,Stable
C160,Q2,2301.08,-49.09,3.27,4.67,3.47,26.12,30.31,653,Medium,Down
C327,Q3,3390.19,1270.49,4.87,2.33,5.29,39.28,236.36,687,Low,Down
C187,Q1,3403.78,345.05,0.37,4.99,-2.58,29.2,258.62,477,High,Stable
C243,Q2,1896.96,103.16,2.91,3.11,0.9,26.58,427.41,774,Low,Up
C086,Q3,4711.38,206.93,4.33,0.69,-3.71,36.06,366.31,704,Low,Up
C284,Q2,878.42,510.55,2.46,3.14,19.91,18.3,40.11,335,High,Up
C066,Q4,2526.78,227.03,0.48,1.74,13.41,9.34,104.98,657,Medium,Up
C170,Q3,3469.88,344.96,2.85,0.65,-2.81,6.34,156.29,626,Medium,Stable
C045,Q1,3500.82,29.46,1.73,4.19,-4.49,18.82,58.65,343,High,Down
C062,Q1,3260.76,303.5,0.86,1.74,12.98,10.04,228.72,619,Medium,Down
C441,Q1,1412.68,772.88,4.26,4.08,5.98,23.5,492.16,771,Low,Stable
C134,Q1,823.22,551.15,2.66,1.8,14.67,47.51,257.55,568,High,Stable
C284,Q2,3197.9,389.42,4.67,1.37,18.09,44.4,371.07,824,Low,Down
C028,Q2,3016.55,1068.97,4.05,4.88,9.98,38.6,341.63,324,High,Stable
C108,Q1,937.81,1318.97,3.5,2.13,-0.32,51.89,425.03,456,High,Up
C044,Q1,3540.44,1086.54,0.12,3.21,14.55,20.51,108.25,484,High,Stable
C340,Q1,2303.1,364.4,2.2,3.24,18.9,53.68,377.04,473,High,Up
C286,Q2,3355.41,1065.55,1.07,3.02,9.51,26.96,440.74,693,Low,Down
C446,Q1,4194.97,58.37,4.56,4.62,12.05,27.05,86.17,485,High,Up
C331,Q1,890.16,21.54,0.96,3.53,3.44,27.29,173.73,580,Medium,Stable
C128,Q4,144.77,387.57,1.5,2.32,4.54,10.4,485.07,594,Medium,Up
C348,Q4,3906.56,1173.09,2.63,4.38,13.37,58.65,390.5,827,Low,Down
C473,Q1,3068.0,218.79,1.39,1.31,18.19,12.62,141.65,487,High,Down
C231,Q3,3513.22,-92.47,1.13,2.95,10.72,23.75,282.19,711,Low,Down
C190,Q1,4198.87,23.91,3.04,4.78,14.75,22.56,202.46,485,High,Stable
C225,Q4,4023.91,1259.87,0.54,3.31,-0.71,9.11,245.24,843,Low,Stable
C385,Q3,4806.55,877.43,0.39,4.18,0.3,13.37,177.91,600,Medium,Stable
C377,Q3,2702.88,230.44,1.92,3.44,8.3,7.47,140.03,608,Medium,Up
C283,Q1,2468.05,744.0,3.63,4.28,-0.59,21.08,337.54,488,High,Up
C446,Q4,2039.34,696.89,2.82,4.75,10.87,52.67,389.38,710,Low,Up
C121,Q4,810.77,914.24,2.17,1.73,2.29,23.67,437.04,837,Low,Stable
C116,Q3,2884.41,196.42,2.87,1.26,14.79,11.8,78.09,686,Low,Down
C461,Q1,1421.21,1269.49,1.89,2.68,15.2,40.51,411.52,492,High,Up
C233,Q2,4610.47,325.93,4.69,3.66,6.59,59.81,127.77,462,High,Down
C259,Q2,2936.79,980.02,0.37,1.52,-0.48,17.78,213.95,352,High,Down
C359,Q4,2984.56,-172.59,3.4,0.52,11.17,20.38,450.77,774,Low,Up
C198,Q2,1806.88,433.52,4.47,2.04,19.82,58.45,227.52,473,High,Stable
C456,Q4,307.35,397.91,4.04,4.86,10.56,14.83,98.93,495,High,Up
C411,Q4,207.13,723.92,1.0,3.63,-4.11,33.12,80.35,510,High,Down
C137,Q4,2145.51,-76.35,1.55,2.31,-4.57,18.18,236.76,689,Low,Down
C318,Q2,468.6,1143.22,3.61,1.37,3.01,56.28,381.45,607,Medium,Up
C165,Q4,3053.89,170.23,0.51,2.1,-0.11,58.98,498.6,756,Low,Stable
C225,Q3,4410.82,950.96,4.08,1.26,15.33,49.81,393.81,630,Medium,Up
C307,Q1,4420.43,1165.46,3.62,0.98,16.12,22.31,438.57,794,Low,Up
C234,Q1,3312.27,755.19,3.68,4.58,1.47,27.19,374.04,628,Medium,Stable
C172,Q4,1095.6,1059.5,0.59,4.99,3.14,18.33,447.77,328,High,Up
C152,Q1,4321.83,925.16,3.62,1.24,0.91,53.99,38.61,421,High,Up
C463,Q2,4436.16,404.4,3.43,0.75,17.71,55.3,465.0,757,Low,Up
C315,Q2,1023.44,1175.06,4.17,1.98,7.57,28.04,198.5,717,Low,Down
C374,Q1,3700.26,300.99,0.3,2.58,11.4,41.11,460.85,458,High,Up
C160,Q2,1468.27,771.06,0.21,1.42,5.39,14.11,38.33,815,Low,Down
C096,Q1,4023.07,1067.18,1.93,1.86,10.78,28.92,357.76,301,High,Up
C472,Q1,4986.33,444.23,0.83,1.4,4.65,39.73,367.98,601,Medium,Up
C233,Q1,198.63,314.7,2.84,3.98,3.49,26.2,498.46,378,High,Down
C180,Q4,4491.96,580.89,4.6,3.71,10.86,24.67,384.54,614,Medium,Up
C113,Q1,3132.02,1190.54,2.02,3.36,9.78,5.05,191.6,627,Medium,Down
C318,Q4,4868.24,1380.87,4.24,2.24,2.34,49.24,278.85,575,High,Down
C497,Q1,2351.8,726.64,0.1,4.59,-1.27,53.91,183.59,751,Low,Stable
C442,Q1,4244.57,924.49,0.93,4.86,4.21,58.32,98.41,785,Low,Up
C052,Q1,358.85,1335.57,0.25,1.28,5.38,44.56,124.63,406,High,Down
C268,Q2,1709.63,-32.47,1.71,1.5,10.72,35.18,111.39,545,High,Up
C295,Q4,381.73,194.53,4.55,2.87,17.86,19.81,274.63,463,High,Stable
C386,Q4,4877.95,1005.13,0.58,0.91,-4.1,59.96,453.13,826,Low,Stable
C387,Q1,4094.02,1200.37,3.07,2.46,1.09,37.44,456.41,300,High,Stable
C113,Q1,4270.11,1256.95,2.31,3.12,-0.16,42.46,27.85,436,High,Up
C101,Q2,4692.93,505.68,4.7,2.85,7.56,42.53,40.41,450,High,Up
C113,Q2,471.26,-48.12,0.7,1.99,5.74,51.49,122.94,479,High,Down
C440,Q2,1958.71,544.23,1.14,2.94,13.23,5.53,127.9,786,Low,Up
C081,Q4,401.62,192.25,0.24,4.81,1.06,17.11,47.9,317,High,Stable
C187,Q4,1093.43,295.03,2.23,1.43,9.86,41.6,194.54,524,High,Up
C113,Q4,1185.36,1112.85,1.46,3.45,17.1,54.23,294.07,404,High,Down
C002,Q1,2372.08,-71.6,4.36,0.7,17.77,42.69,289.29,364,High,Stable
C130,Q4,1379.38,1206.89,3.06,0.8,18.97,27.74,271.94,632,Medium,Up
C220,Q3,549.84,527.04,3.11,2.98,14.33,24.89,169.67,671,Low,Down
C054,Q3,879.08,813.31,2.71,0.97,17.65,45.59,353.37,506,High,Up
C343,Q2,779.01,-47.59,0.55,0.6,0.86,45.77,413.33,528,High,Up
C485,Q4,4866.73,373.51,2.28,1.27,-0.06,38.39,173.46,441,High,Up
C224,Q3,3808.5,-47.51,5.0,3.04,-4.84,21.03,43.22,630,Medium,Up
C225,Q2,4840.42,1434.62,4.19,3.67,12.67,55.88,148.52,570,High,Up
C385,Q4,2226.72,1172.34,4.48,1.41,18.44,35.35,69.12,624,Medium,Down
C403,Q1,1427.92,581.38,4.13,3.51,-0.33,48.48,233.95,826,Low,Stable
C126,Q3,4001.55,180.12,0.6,1.32,10.92,16.79,78.39,846,Low,Up
C130,Q1,1664.96,1386.87,1.21,3.26,13.66,23.92,231.69,368,High,Stable
C053,Q4,1531.95,385.81,0.12,2.35,18.19,53.1,110.89,511,High,Stable
C172,Q3,1200.9,73.67,1.59,3.44,11.17,7.76,369.5,681,Low,Stable
C218,Q4,691.91,757.38,0.63,4.98,19.26,33.18,14.27,719,Low,Down
C160,Q1,1319.49,1404.42,2.42,4.72,3.62,31.49,277.6,347,High,Up
C198,Q3,1808.83,-193.49,3.42,0.52,3.75,46.32,85.16,530,High,Stable
C416,Q1,3386.27,204.81,4.39,4.48,8.58,20.5,1.0,776,Low,Stable
C247,Q4,359.7,1395.36,3.77,0.8,4.59,17.05,434.67,388,High,Up
C324,Q4,1092.01,90.85,4.7,4.79,-4.96,55.94,335.93,351,High,Stable
C439,Q1,4054.67,-7.49,0.36,1.77,13.29,36.44,49.92,833,Low,Up
C203,Q3,777.26,769.32,0.16,2.22,13.79,10.76,332.2,721,Low,Stable
C184,Q1,1746.09,1265.13,3.34,0.91,13.67,15.62,306.02,745,Low,Up
C123,Q4,4330.06,611.09,1.52,1.01,3.63,59.94,236.94,430,High,Down
C401,Q1,816.88,1490.76,1.34,3.77,8.06,15.76,209.92,673,Low,Down
C255,Q4,459.55,954.59,1.72,4.75,4.0,38.58,443.59,829,Low,Up
C294,Q1,2448.46,-74.07,1.42,3.25,-4.6,28.11,122.95,404,High,Up
C280,Q3,1546.98,1487.81,2.61,3.72,9.06,53.71,199.46,686,Low,Stable
C325,Q3,2838.87,493.42,2.26,3.93,-1.91,46.53,164.89,635,Medium,Down
C372,Q1,4028.83,288.58,2.61,1.68,-3.0,37.83,385.71,416,High,Down
C098,Q1,728.89,748.39,3.4,0.7,13.89,5.59,458.27,300,High,Down
C198,Q3,2924.46,317.32,2.0,0.51,-4.76,53.39,424.97,837,Low,Stable
C470,Q4,2552.27,-53.02,1.33,2.08,18.98,29.46,398.95,735,Low,Up
C395,Q3,763.19,-197.57,0.91,1.59,7.88,56.24,493.4,795,Low,Stable
C240,Q4,3138.79,564.29,1.81,0.78,19.58,32.25,348.72,311,High,Up
C144,Q1,1404.52,1222.67,3.73,1.31,-3.55,43.18,375.65,593,Medium,Up
C097,Q1,2464.78,772.94,3.81,1.06,9.59,8.81,491.41,807,Low,Down
C201,Q4,457.25,1498.65,3.37,4.62,3.73,45.98,3.99,427,High,Stable
C124,Q1,2324.94,287.64,1.25,1.13,16.09,23.59,317.21,375,High,Up
C187,Q4,1566.99,276.77,2.98,2.92,4.03,24.32,369.62,568,High,Down
C326,Q2,4120.79,71.57,2.9,3.17,1.51,11.53,458.95,445,High,Down
C464,Q3,332.04,78.91,2.47,2.95,16.44,13.08,441.98,702,Low,Up
C349,Q2,2122.11,284.82,2.79,0.95,4.37,15.22,421.06,798,Low,Stable
C259,Q4,2319.24,1147.83,2.51,1.93,-4.58,23.05,472.92,498,High,Down
C148,Q3,3638.78,1339.79,2.87,0.73,4.76,54.06,268.92,802,Low,Stable
C252,Q4,2892.72,1457.65,3.61,2.28,11.36,25.25,3.96,702,Low,Down
C443,Q3,3352.7,194.89,0.64,1.35,1.36,44.84,6.02,508,High,Up
C420,Q3,3896.39,1298.21,3.77,3.03,5.8,9.55,272.55,641,Medium,Down
C403,Q3,4317.9,358.03,0.77,3.62,-3.58,37.51,217.92,347,High,Down
C346,Q3,1603.68,-8.17,0.43,2.89,9.7,31.5,225.9,840,Low,Stable
C451,Q4,2713.21,1279.04,4.88,2.45,13.91,58.79,200.5,475,High,Up
C147,Q3,4208.53,881.38,4.79,2.24,5.33,51.54,458.9,810,Low,Down
C148,Q3,4947.78,80.04,0.4,4.29,5.51,30.02,179.91,318,High,Stable
C352,Q2,4453.12,530.71,2.27,1.49,-2.79,47.63,428.19,794,Low,Stable
C199,Q1,1888.76,288.34,1.01,3.8,0.05,15.62,451.48,654,Medium,Up
C308,Q1,1016.07,1052.55,2.48,3.91,-1.13,35.93,250.0,644,Medium,Stable
C489,Q2,2472.49,570.81,4.17,2.39,7.04,9.1,223.75,359,High,Down
C417,Q2,3721.13,1481.78,4.76,1.84,8.23,24.14,380.63,528,High,Down
C424,Q4,2488.22,-106.93,3.21,2.62,18.72,17.42,354.13,446,High,Up
C128,Q4,2441.75,403.53,1.83,0.92,-3.17,44.54,164.6,597,Medium,Down
C039,Q4,4199.24,619.23,3.06,0.71,10.0,31.95,51.72,632,Medium,Stable
C338,Q2,1838.95,655.33,1.63,1.0,8.16,46.31,132.79,631,Medium,Up
C360,Q2,4305.98,337.09,4.56,1.34,7.91,33.34,65.95,732,Low,Up
C129,Q3,2063.68,1039.71,4.36,2.77,16.83,9.76,147.72,698,Low,Up
C267,Q4,1674.75,1287.07,2.84,4.32,0.14,45.45,131.28,634,Medium,Up
C476,Q4,2297.25,1395.82,1.69,1.56,-3.98,50.83,319.04,508,High,Stable
C441,Q4,3824.11,1168.66,1.54,4.71,11.81,54.69,477.27,710,Low,Up
C473,Q1,673.71,1245.99,0.26,4.8,3.63,36.46,343.03,570,High,Up
C434,Q3,1022.28,735.93,4.1,4.82,-4.56,46.45,463.36,479,High,Stable
C151,Q4,4759.65,1204.01,2.31,4.27,1.28,46.36,392.17,714,Low,Down
C415,Q4,918.68,315.96,1.69,2.14,2.73,13.57,364.07,645,Medium,Up
C478,Q4,2860.25,477.41,2.41,0.83,10.42,14.03,207.32,818,Low,Down
C298,Q1,2917.61,338.75,4.11,3.06,-0.69,8.9,162.73,737,Low,Up
C099,Q1,2473.64,594.56,0.71,3.01,5.33,22.6,423.22,312,High,Up
C263,Q2,3241.49,285.49,4.3,4.32,7.06,31.04,452.74,703,Low,Down
C252,Q3,1187.64,1434.74,4.5,4.98,6.48,59.88,226.22,679,Low,Stable
C144,Q2,2785.68,331.84,4.74,2.79,19.35,28.7,5.03,720,Low,Stable
C346,Q3,1892.26,-33.32,2.05,2.05,-3.86,44.94,396.37,479,High,Stable
C112,Q1,3325.25,695.59,1.16,1.34,18.77,43.14,142.89,582,Medium,Stable
C500,Q4,749.06,-102.93,1.93,0.52,9.55,16.25,5.44,717,Low,Stable
C060,Q2,2875.84,-12.08,1.73,2.79,14.89,8.22,402.59,655,Medium,Stable
C369,Q4,967.09,172.96,0.96,3.0,5.76,35.03,258.95,315,High,Stable
C002,Q2,1429.28,589.4,3.08,4.21,6.35,43.52,342.76,614,Medium,Down
C385,Q1,1132.61,536.53,2.44,2.77,16.98,59.9,457.39,832,Low,Up
C304,Q1,955.05,1159.48,4.34,4.62,17.4,24.72,270.82,315,High,Up
C254,Q1,4137.27,1057.11,0.26,3.33,0.97,54.3,251.85,764,Low,Up
C140,Q2,1464.25,524.74,3.25,4.28,-0.02,26.01,145.69,762,Low,Stable
C453,Q3,4639.26,367.3,3.84,1.17,7.41,42.92,152.94,844,Low,Down
C037,Q2,4851.14,338.0,3.82,4.35,17.51,37.9,398.37,368,High,Stable
C160,Q3,2877.74,1115.79,4.44,3.54,3.06,7.91,224.79,710,Low,Up
C009,Q2,757.86,-111.48,3.67,1.27,11.3,9.31,82.18,351,High,Down
C233,Q2,1904.01,-178.2,4.65,1.35,12.7,6.14,47.72,364,High,Up
C099,Q1,3998.77,1152.43,1.73,4.67,14.47,25.4,236.72,766,Low,Stable
C147,Q4,1868.58,611.15,2.57,0.64,9.1,46.02,232.75,571,High,Stable
C304,Q4,480.74,22.5,0.17,2.58,5.06,14.5,326.9,738,Low,Stable
C208,Q3,2806.09,200.46,0.13,1.91,19.18,38.32,235.8,829,Low,Up
C131,Q4,4233.35,1385.26,1.28,3.49,10.28,20.89,72.17,572,High,Up
C404,Q2,3989.84,1261.16,0.59,4.28,13.21,48.83,254.15,758,Low,Up
C152,Q2,916.86,1006.63,1.38,2.12,3.62,48.91,453.44,472,High,Up
C054,Q1,3380.18,619.78,0.97,2.42,11.75,47.65,80.14,820,Low,Stable
C120,Q1,1141.5,684.55,0.24,4.92,1.44,33.87,345.03,796,Low,Up
C161,Q4,1130.13,1457.92,4.56,4.03,1.13,20.65,297.13,833,Low,Down
C408,Q3,4376.66,1441.81,0.14,4.54,12.87,49.52,374.42,371,High,Down
C116,Q4,1285.86,165.96,3.71,2.47,8.03,15.24,75.72,471,High,Down
C075,Q4,1353.07,1178.88,0.85,1.55,12.08,20.94,470.83,591,Medium,Up
C113,Q4,53.23,135.31,4.57,2.35,1.74,15.12,310.67,551,High,Stable
C456,Q4,4359.81,163.01,4.47,3.72,9.97,42.08,423.61,708,Low,Down
C420,Q2,3973.34,949.36,3.3,0.99,6.1,42.74,123.68,666,Medium,Stable
C422,Q3,3155.28,488.5,3.39,1.72,9.92,40.89,369.84,555,High,Up
C104,Q2,3763.82,1383.63,0.13,0.71,2.27,27.86,390.62,824,Low,Stable
C340,Q3,802.64,-48.68,4.93,2.45,12.89,10.51,199.02,739,Low,Up
C254,Q1,2318.7,669.59,4.4,4.22,15.15,55.11,192.28,634,Medium,Down
C227,Q4,1788.54,1361.49,4.49,0.61,1.5,32.93,329.07,734,Low,Down
C112,Q2,514.19,1336.99,3.33,3.54,2.52,27.38,47.16,760,Low,Up
C473,Q3,2456.35,66.1,1.79,4.7,11.53,37.39,367.94,607,Medium,Up
C099,Q1,4607.66,423.28,4.48,1.57,12.39,15.6,21.92,394,High,Stable
C153,Q1,248.29,852.51,1.53,3.62,12.6,12.29,95.7,708,Low,Up
C349,Q4,1492.73,70.97,2.86,4.89,12.07,27.3,332.24,467,High,Stable
C402,Q3,1077.33,1445.64,0.59,4.83,4.82,17.5,49.61,386,High,Down
C384,Q2,1228.83,1355.07,4.62,1.56,4.87,18.44,485.94,302,High,Up
C366,Q4,4546.75,83.82,0.79,0.95,1.37,54.09,434.26,671,Low,Up
C338,Q2,2366.94,5.96,1.2,1.17,-1.08,34.19,313.34,827,Low,Up
C194,Q1,2358.18,-54.81,2.83,3.66,12.31,31.59,409.62,322,High,Down
C310,Q2,3814.85,1346.05,3.84,3.77,-2.67,42.92,443.85,397,High,Down
C163,Q2,814.74,129.16,3.13,3.53,18.44,57.34,130.11,821,Low,Stable
C208,Q4,2461.96,507.68,1.24,2.01,15.67,11.17,424.78,620,Medium,Down
C445,Q2,2178.43,563.05,0.1,1.26,16.44,50.84,97.8,833,Low,Stable
C169,Q4,3004.71,818.32,3.81,3.11,17.67,37.12,206.96,666,Medium,Up
C484,Q1,4997.81,-78.05,4.93,2.68,5.22,13.04,279.35,483,High,Down
C161,Q4,3858.77,185.49,4.07,3.78,16.17,21.34,357.09,716,Low,Up
C068,Q4,2019.44,1383.53,2.36,2.49,-1.05,31.53,15.56,513,High,Up
C289,Q3,4146.39,1344.3,4.53,2.02,-4.46,43.01,145.61,509,High,Stable
C398,Q2,895.01,1128.19,2.11,1.82,14.62,18.34,304.46,432,High,Stable
C277,Q1,200.8,-167.02,2.67,1.45,-3.13,34.42,179.01,352,High,Up
C304,Q4,1062.02,355.91,2.44,1.7,19.71,42.66,387.63,322,High,Stable
C404,Q1,1735.04,867.53,2.29,0.93,11.87,29.68,326.0,405,High,Down
C384,Q3,2577.37,267.82,3.9,2.06,13.84,52.47,117.58,759,Low,Stable
C392,Q2,3094.89,1346.3,2.68,0.66,1.15,52.82,73.39,781,Low,Up
C135,Q4,4557.5,877.61,1.65,1.34,11.85,30.89,314.71,419,High,Up
C195,Q2,2573.78,-77.76,1.36,3.86,-3.92,58.51,225.51,507,High,Stable
C401,Q3,2531.31,1345.31,0.28,1.96,15.95,9.16,84.89,617,Medium,Down
C128,Q3,298.7,1428.2,2.96,3.51,-0.76,5.18,163.52,637,Medium,Down
C033,Q1,222.81,-67.89,1.23,3.73,12.43,25.94,151.87,454,High,Down
C176,Q4,2778.24,705.01,0.83,3.12,0.61,38.06,54.51,454,High,Stable
C460,Q1,2218.98,315.72,3.3,4.81,-3.29,39.61,273.68,693,Low,Down
C443,Q3,4203.94,467.83,3.44,0.6,7.04,31.2,381.94,804,Low,Down
C371,Q2,845.36,105.41,3.79,3.82,-0.77,11.87,287.95,612,Medium,Stable
C470,Q1,173.61,782.72,2.57,4.81,13.24,14.38,413.23,558,High,Stable
C375,Q1,2272.74,1428.56,4.48,4.38,0.94,51.87,64.22,456,High,Up
C022,Q2,1225.52,655.22,4.69,1.26,3.56,52.74,218.09,313,High,Down
C238,Q1,295.59,-59.05,4.06,1.97,9.19,42.06,304.9,376,High,Down
C158,Q2,3636.76,854.0,3.21,1.28,2.12,41.53,338.16,638,Medium,Up
C038,Q4,602.39,378.38,1.59,3.21,4.45,37.87,348.05,708,Low,Down
C230,Q2,3061.18,1255.07,4.92,3.7,15.39,16.16,364.62,693,Low,Up
C365,Q4,1441.2,538.95,1.44,1.93,-0.52,28.55,325.89,519,High,Up
C051,Q2,908.81,127.83,1.09,2.93,-2.94,43.27,47.57,732,Low,Stable
C438,Q3,1929.77,124.88,2.27,3.61,3.21,34.55,347.81,754,Low,Up
C264,Q3,4017.16,1106.9,0.38,2.4,5.61,6.02,362.53,439,High,Down
C283,Q4,1990.86,251.5,4.89,4.34,8.57,57.45,496.74,797,Low,Up
C027,Q4,3766.31,1104.3,2.98,3.97,4.31,51.46,346.83,829,Low,Down
C226,Q3,671.16,150.01,2.83,0.79,14.75,19.33,343.57,395,High,Up
C277,Q4,3875.22,346.87,3.31,3.3,-4.02,38.91,257.65,327,High,Down
C286,Q2,1222.82,591.33,2.54,1.56,5.79,55.78,434.03,529,High,Stable
C097,Q2,3403.1,1403.43,0.26,3.01,4.56,10.28,498.42,715,Low,Up
C284,Q3,2850.62,1383.94,3.1,4.81,11.19,32.67,389.63,755,Low,Up
C367,Q1,4649.27,151.68,3.61,4.46,19.16,30.09,306.44,324,High,Down
C448,Q2,1967.25,408.97,2.14,2.32,7.76,27.56,39.94,703,Low,Up
C481,Q4,377.52,53.98,3.81,1.81,19.67,50.96,363.51,841,Low,Up
C453,Q1,144.82,666.97,1.21,1.55,2.56,25.94,354.43,464,High,Up
C317,Q1,4142.95,582.99,1.18,2.9,-4.23,8.5,387.9,507,High,Down
C304,Q2,2647.44,1331.29,0.89,1.01,-0.86,8.62,62.72,672,Low,Stable
C147,Q2,3887.46,1381.01,1.92,2.97,4.88,7.35,327.04,368,High,Down
C004,Q1,1210.41,452.06,4.25,0.51,2.91,27.5,148.21,819,Low,Down
C035,Q1,1758.16,635.95,4.16,1.96,-2.57,44.51,380.26,652,Medium,Up
C192,Q3,199.01,1323.6,1.98,1.49,5.82,16.2,120.57,400,High,Stable
C049,Q4,4809.39,1171.4,2.99,4.87,3.45,40.56,342.15,300,High,Up
C017,Q3,3355.95,-193.78,3.63,3.77,-1.93,42.79,147.85,650,Medium,Stable
C172,Q2,4669.37,344.1,1.28,2.07,2.4,19.04,4.99,306,High,Up
C220,Q3,1364.21,517.02,0.92,0.92,17.16,38.03,316.86,617,Medium,Stable
C158,Q3,3076.74,190.52,4.86,2.83,2.55,42.67,57.08,808,Low,Down
C477,Q3,3408.57,139.27,3.13,1.46,12.85,30.66,329.82,485,High,Up
C046,Q3,1621.87,-135.77,4.91,2.91,10.3,23.52,462.84,761,Low,Stable
C373,Q4,4248.14,893.73,1.76,4.26,5.68,39.05,484.64,642,Medium,Up
C006,Q4,4738.45,246.27,3.54,3.27,0.98,58.78,118.34,307,High,Stable
C099,Q1,4430.03,-111.01,1.19,3.35,4.23,28.48,404.72,435,High,Stable
C380,Q2,3708.38,192.66,1.38,2.93,9.8,26.55,177.1,682,Low,Up
C233,Q3,1423.45,1163.25,2.61,4.67,3.77,30.53,450.28,485,High,Up
C037,Q1,1444.0,1247.53,1.67,4.69,0.37,9.19,393.85,671,Low,Down
C280,Q1,4818.63,621.21,0.92,2.81,-2.09,35.42,37.42,465,High,Down
C349,Q1,100.91,507.32,1.39,1.88,16.99,23.08,203.86,620,Medium,Stable
C497,Q4,3594.45,1462.35,0.28,2.57,6.01,11.68,168.99,456,High,Stable
C302,Q3,3545.92,140.96,3.55,1.34,10.63,30.64,392.7,584,Medium,Up
C181,Q3,3132.31,166.11,2.51,3.36,7.26,5.19,205.44,327,High,Stable
C095,Q2,4951.04,296.17,0.56,2.75,16.81,27.1,342.45,650,Medium,Stable
C099,Q3,1593.8,93.69,0.94,0.96,8.67,10.82,301.42,382,High,Up
C188,Q3,1732.86,444.92,0.6,1.39,7.02,6.34,487.83,669,Medium,Up
C481,Q1,440.75,1348.42,3.1,2.66,18.12,50.35,468.92,840,Low,Down
C116,Q2,2241.85,846.09,0.56,4.49,12.99,55.39,214.14,694,Low,Stable
C191,Q3,1342.19,500.31,3.8,3.05,-2.21,16.42,361.93,779,Low,Up
C253,Q4,1749.76,1388.5,0.2,3.57,-0.56,34.66,414.82,512,High,Stable
C469,Q3,4181.13,-117.61,1.32,2.03,14.68,20.29,449.49,659,Medium,Stable
C416,Q1,4680.65,157.47,4.46,3.07,15.9,32.15,34.53,513,High,Up
C471,Q4,969.38,762.01,3.62,2.51,8.63,29.01,151.39,603,Medium,Down
C161,Q1,1893.92,846.44,0.46,3.47,8.86,19.8,160.45,454,High,Up
C256,Q3,4646.72,-132.75,4.12,0.73,10.8,43.52,217.51,679,Low,Up
C323,Q4,355.95,485.17,2.52,2.72,5.98,11.96,85.05,499,High,Down
C128,Q2,507.18,903.56,4.25,1.83,12.0,7.92,248.35,537,High,Stable
C018,Q2,855.82,986.72,3.04,1.97,-2.29,47.22,331.78,466,High,Down
C281,Q4,2996.3,884.84,3.44,4.82,19.03,41.63,248.93,525,High,Stable
C490,Q4,794.84,344.96,4.97,1.32,13.75,32.42,333.06,550,High,Up
C223,Q1,4841.98,-41.02,1.24,1.9,10.78,30.73,33.69,579,High,Down
C054,Q4,2261.24,526.09,3.16,2.79,2.91,32.36,438.06,775,Low,Stable
C058,Q1,2532.51,18.88,2.36,4.38,-0.98,29.04,469.57,797,Low,Up
C323,Q3,1270.96,1410.96,0.29,2.38,5.23,26.61,309.14,834,Low,Down
C360,Q1,2381.25,607.79,0.17,3.85,11.54,32.48,440.75,710,Low,Down
C174,Q4,3326.47,339.34,0.68,4.35,10.84,34.07,66.16,728,Low,Stable
C280,Q4,3768.33,1102.72,3.28,1.9,4.57,43.05,398.83,838,Low,Down
C114,Q3,3781.65,646.51,2.88,2.27,10.33,44.12,60.01,742,Low,Down
C288,Q4,2910.56,327.06,2.81,2.1,15.34,25.77,204.3,509,High,Stable
C431,Q4,4526.58,1180.35,0.26,4.25,-4.34,27.74,162.25,846,Low,Up
C342,Q2,4096.17,1274.16,2.4,0.7,6.27,25.55,293.0,790,Low,Down
C151,Q2,3797.39,944.11,4.63,1.89,13.96,34.51,151.11,770,Low,Down
C450,Q3,325.25,-120.16,2.05,3.56,8.65,29.93,318.84,762,Low,Up
C127,Q1,84.05,762.75,3.16,3.04,11.29,53.93,184.01,849,Low,Down
C155,Q2,1101.61,1097.6,3.92,2.46,7.92,43.3,430.46,776,Low,Up
C490,Q1,3334.44,32.06,3.94,2.93,19.8,54.43,317.12,497,High,Stable
C386,Q4,2085.43,188.74,2.64,1.39,-3.63,44.0,108.04,820,Low,Stable
C474,Q2,2041.91,1300.24,4.3,2.44,7.28,58.4,168.4,798,Low,Up
C273,Q3,4428.71,-165.79,2.02,2.76,-2.71,39.97,423.79,810,Low,Up
C104,Q3,4483.04,1079.64,4.45,4.56,-1.01,58.0,193.55,624,Medium,Stable
C417,Q3,4550.42,605.41,1.28,1.67,4.58,13.7,268.13,766,Low,Up
C393,Q2,1603.7,559.51,1.47,4.41,-1.11,7.89,324.65,438,High,Down
C299,Q1,3470.73,-187.94,0.36,3.4,19.09,36.85,174.23,541,High,Up
C246,Q4,1394.58,1192.98,4.0,0.59,18.67,59.09,147.34,615,Medium,Up
C176,Q1,993.52,411.7,2.14,3.76,3.4,27.97,237.89,434,High,Up
C039,Q1,963.93,719.3,1.22,0.66,10.99,16.66,107.83,487,High,Up
C477,Q4,1743.43,951.41,1.24,4.99,8.34,33.68,142.46,368,High,Down
C170,Q4,2178.29,994.47,4.52,4.43,15.39,40.68,31.51,738,Low,Stable
C247,Q2,4163.2,1425.17,4.19,1.84,10.69,22.33,152.33,376,High,Down
C026,Q2,643.46,703.28,2.81,1.66,-4.99,44.31,160.69,699,Low,Down
C355,Q2,3687.88,479.52,3.12,2.22,14.08,58.63,480.94,673,Low,Down
C306,Q2,2680.7,1421.3,2.42,2.1,13.67,54.33,295.07,311,High,Up
C409,Q2,1475.33,891.59,2.02,2.18,7.74,21.04,393.8,786,Low,Up
C408,Q4,2489.46,306.86,4.59,1.93,17.57,22.97,23.17,716,Low,Up
C013,Q1,1534.71,14.99,0.72,3.3,17.71,25.43,53.72,506,High,Down
C316,Q2,3000.61,1232.34,2.15,1.24,8.1,26.7,407.36,640,Medium,Stable
C391,Q2,2197.53,415.71,1.79,4.31,10.2,10.52,311.96,610,Medium,Down
C313,Q1,863.81,922.8,2.54,4.16,19.91,46.91,95.9,607,Medium,Down
C036,Q2,627.09,600.39,2.34,2.64,2.47,25.09,202.7,592,Medium,Up
C173,Q1,2756.14,138.18,2.64,4.34,3.12,53.39,269.57,675,Low,Stable
C020,Q1,4516.94,822.87,0.79,1.61,-0.43,55.98,421.88,826,Low,Stable
C321,Q4,1752.59,-96.84,2.61,0.58,17.4,6.34,30.68,639,Medium,Up
C264,Q3,3678.35,502.68,1.29,3.29,13.61,59.37,298.56,382,High,Down
C494,Q4,3310.37,729.25,1.0,2.56,-2.36,44.05,358.66,751,Low,Down
C400,Q3,4661.2,541.28,0.42,3.05,19.54,33.62,488.96,302,High,Down
C142,Q3,4113.86,1072.74,3.84,4.55,13.27,26.42,403.68,755,Low,Stable
C460,Q3,2854.7,1207.47,2.19,4.86,16.26,33.52,138.48,535,High,Stable
C371,Q2,3302.3,1111.11,3.17,3.36,-3.8,22.85,354.93,688,Low,Down
C471,Q4,4497.01,-134.02,3.67,3.94,7.62,39.25,381.76,692,Low,Down
C143,Q3,2027.62,130.02,3.43,0.88,12.46,10.11,365.0,329,High,Up
C092,Q1,1667.63,712.23,2.41,1.22,8.57,39.16,410.16,447,High,Up
C354,Q2,103.51,1389.2,2.0,3.8,11.67,20.14,451.91,582,Medium,Up
C322,Q4,4141.43,1219.43,1.94,2.44,15.45,5.97,49.67,537,High,Up
C288,Q3,4014.85,1232.31,3.24,2.51,4.36,35.4,52.83,618,Medium,Stable
C215,Q1,567.05,315.45,2.52,1.89,16.22,36.81,398.3,636,Medium,Down
C447,Q4,2905.44,530.06,4.26,3.23,-0.93,28.46,126.56,330,High,Stable
C342,Q4,2346.71,600.2,4.39,1.33,1.77,8.98,29.74,506,High,Stable
C051,Q2,637.61,67.53,0.94,3.32,-3.92,54.13,200.91,528,High,Stable
C153,Q4,4903.81,-147.18,0.77,1.28,4.11,38.63,410.03,641,Medium,Up
C186,Q2,1112.74,1409.73,3.19,0.79,4.5,11.36,63.72,759,Low,Down
C063,Q3,382.81,209.21,1.58,1.99,15.13,33.1,336.09,435,High,Up
C190,Q2,2994.49,207.91,0.19,1.54,11.33,32.35,2.31,583,Medium,Stable
C125,Q1,3707.39,-58.26,4.45,4.5,5.92,8.32,55.31,650,Medium,Stable
C150,Q2,210.6,1378.46,1.21,0.75,11.3,38.38,175.75,316,High,Up
C314,Q1,3310.65,785.55,4.65,1.29,-3.68,49.46,42.26,514,High,Up
C058,Q2,2684.84,933.96,3.62,2.97,-0.49,46.2,423.03,694,Low,Down
C342,Q4,561.16,1349.68,3.84,2.66,10.67,16.16,432.1,698,Low,Up
C305,Q3,903.99,387.55,1.09,0.71,11.03,52.43,377.91,713,Low,Stable
C180,Q1,2861.47,856.56,1.25,0.53,14.35,23.84,121.62,543,High,Stable
C170,Q2,1516.97,-134.04,2.65,4.95,5.07,57.06,261.86,394,High,Stable
C326,Q2,4694.66,117.51,0.94,3.46,13.06,8.95,92.5,305,High,Down
C271,Q2,4102.76,1213.12,1.6,2.14,12.1,31.74,141.0,386,High,Down
C054,Q4,4918.66,1103.51,1.68,2.62,19.08,37.84,258.24,488,High,Up
C491,Q4,1335.37,396.09,0.88,1.7,0.38,18.62,367.64,719,Low,Stable
C444,Q1,4850.13,440.58,1.11,2.05,8.79,47.43,47.78,366,High,Stable
C101,Q1,2184.61,707.04,3.96,3.42,10.04,39.48,148.7,547,High,Up
C481,Q4,1770.22,-199.59,0.92,4.47,19.97,6.0,463.35,506,High,Up
C264,Q1,299.23,210.12,0.24,1.33,0.03,38.46,214.85,504,High,Up
C053,Q3,311.19,153.99,3.18,4.28,8.08,32.03,469.47,618,Medium,Stable
C060,Q3,3475.46,225.82,4.88,1.05,3.65,15.78,495.7,382,High,Up
C492,Q4,2316.75,1170.04,1.72,1.47,8.15,59.77,263.57,723,Low,Down
C108,Q1,1171.28,275.45,0.68,0.67,0.8,54.34,144.38,381,High,Up
C005,Q2,3089.15,125.59,2.89,1.13,-3.81,21.09,395.49,848,Low,Stable
C103,Q3,1301.65,657.25,4.54,4.63,9.31,34.76,80.08,786,Low,Down
C196,Q4,2909.28,1271.6,3.94,2.57,3.4,22.41,126.4,432,High,Up
C262,Q1,1828.08,210.29,3.15,0.85,-0.45,47.65,392.55,414,High,Up
C365,Q4,4126.58,-66.49,1.64,4.82,3.1,56.17,217.11,676,Low,Up
C480,Q2,4112.45,405.89,2.76,4.46,-3.77,24.74,101.17,510,High,Stable
C372,Q3,2412.88,1071.01,0.55,3.9,18.76,49.31,325.74,431,High,Stable
C350,Q4,1786.55,736.17,3.43,4.7,9.53,32.41,366.51,673,Low,Up
C047,Q4,1844.67,1188.55,3.65,1.49,15.37,26.81,62.97,453,High,Down
C355,Q4,4038.29,1431.31,4.83,4.26,5.58,56.61,138.85,722,Low,Up
C311,Q2,1674.49,1147.53,1.38,3.6,17.58,33.07,111.03,665,Medium,Stable
C424,Q4,1084.84,826.47,0.19,4.41,7.08,30.71,190.24,446,High,Up
C308,Q2,469.21,638.68,2.77,4.09,9.35,41.98,381.84,426,High,Stable
C144,Q2,2360.13,-131.88,3.56,2.06,7.29,19.37,357.0,607,Medium,Down
C269,Q2,2436.55,1473.35,3.97,3.98,13.33,22.86,331.43,417,High,Down
C370,Q3,4212.5,451.92,1.05,1.68,9.17,56.26,3.64,530,High,Up
C124,Q3,1145.13,58.79,1.38,1.98,1.79,42.32,71.5,750,Low,Up
C106,Q4,1935.91,933.41,2.61,0.99,-1.36,50.47,112.04,799,Low,Down
C158,Q4,4051.61,283.29,1.72,4.71,10.15,19.91,136.34,444,High,Down
C147,Q3,4126.94,795.82,4.32,1.81,7.23,34.91,73.64,348,High,Up
C145,Q1,1953.82,797.51,2.42,2.84,-2.6,58.43,205.45,406,High,Stable
C120,Q3,2322.66,557.74,4.02,2.26,4.89,22.53,38.05,392,High,Down
C319,Q2,1551.27,1221.4,2.95,4.82,7.87,13.83,375.14,439,High,Up
C275,Q3,4666.15,250.44,3.89,2.01,15.67,33.1,393.97,613,Medium,Stable
C092,Q2,637.29,562.68,1.73,4.0,-3.1,26.33,287.35,310,High,Stable
C058,Q4,4672.06,714.08,4.17,4.35,3.71,13.78,45.31,747,Low,Up
C439,Q1,3435.14,928.16,1.45,2.46,15.57,53.87,445.1,694,Low,Stable
C346,Q4,2681.28,1132.75,2.78,2.2,11.21,59.49,482.84,804,Low,Down
C229,Q2,211.66,471.17,1.15,3.86,2.25,36.27,101.58,677,Low,Stable
C474,Q2,2404.2,898.28,2.43,4.61,16.13,47.61,352.47,660,Medium,Up
C117,Q2,2068.35,56.04,1.66,3.9,7.33,52.25,421.05,847,Low,Stable
C318,Q1,848.03,1385.5,1.41,1.52,7.46,43.55,270.15,695,Low,Up
C279,Q3,3299.23,451.2,4.84,4.5,19.41,7.43,162.0,485,High,Down
C127,Q4,4857.2,1040.19,0.88,2.24,18.68,13.67,239.54,520,High,Up
C393,Q4,2832.83,-165.42,3.96,3.09,3.96,8.9,256.38,817,Low,Up
C396,Q3,3588.03,148.82,4.92,4.24,-1.49,5.54,200.62,599,Medium,Down
C129,Q4,388.83,628.04,0.2,1.35,3.14,21.83,464.96,474,High,Down
C058,Q1,2117.45,1293.03,3.53,4.03,-4.24,26.58,372.07,670,Low,Up
C122,Q4,625.97,696.33,1.34,3.18,-4.48,18.26,121.03,808,Low,Up
C001,Q2,3083.34,1380.78,0.3,4.52,4.89,8.55,292.99,503,High,Up
C239,Q3,4695.49,622.45,2.07,1.27,18.53,34.14,344.5,581,Medium,Up
C290,Q1,3325.8,633.76,4.68,2.39,16.78,20.03,70.51,715,Low,Up
C096,Q3,430.18,3.57,0.16,4.25,7.79,48.78,179.53,332,High,Up
C126,Q1,1805.6,1164.52,2.98,0.59,9.13,5.44,452.82,381,High,Up
C118,Q2,2775.78,219.84,2.56,1.0,-4.85,51.34,283.8,782,Low,Down
C048,Q3,2045.88,1329.34,4.38,4.96,0.39,57.51,108.89,447,High,Stable
C089,Q4,4176.54,1348.4,0.51,1.76,-4.38,44.39,61.83,794,Low,Up
C488,Q1,4082.62,1403.63,3.44,4.89,13.86,45.35,259.35,469,High,Up
C237,Q3,3078.56,684.39,3.43,1.32,-1.36,56.35,274.07,306,High,Down
C373,Q4,1898.62,951.06,3.38,2.12,16.73,16.5,167.54,679,Low,Up
C385,Q3,1313.92,1123.48,4.72,3.89,11.08,59.7,315.39,733,Low,Down
C272,Q3,574.08,22.72,4.13,3.46,0.74,47.54,34.81,333,High,Stable
C189,Q3,1806.74,821.63,0.31,3.12,-1.06,44.96,73.0,437,High,Stable
C487,Q1,2095.2,-141.69,2.41,2.88,10.69,24.86,273.36,666,Medium,Down
C192,Q4,3395.32,645.86,2.05,4.3,17.52,35.02,31.38,405,High,Down
C447,Q2,3307.89,63.23,1.62,1.56,12.96,40.97,440.51,331,High,Up
C069,Q1,397.04,110.97,2.31,2.49,3.71,39.12,71.5,823,Low,Down
C278,Q1,2006.53,420.58,1.98,1.2,9.68,43.77,337.12,467,High,Stable
C349,Q1,949.81,535.14,2.22,3.18,2.77,9.53,195.91,377,High,Stable
C247,Q2,826.22,859.39,4.9,1.63,19.98,24.56,200.19,845,Low,Down
C451,Q4,4145.15,-73.47,0.53,2.0,13.72,28.87,382.56,508,High,Up
C076,Q4,257.48,656.28,4.62,2.62,10.36,19.33,249.98,710,Low,Up
C154,Q4,2124.96,110.46,2.45,0.62,5.58,14.49,362.96,307,High,Up
C144,Q3,882.61,775.76,3.16,0.91,10.45,12.64,252.84,526,High,Stable
C435,Q3,4402.68,883.59,4.17,3.59,3.54,25.15,296.66,474,High,Up
C485,Q3,2807.35,746.41,1.87,2.43,-4.28,32.14,380.48,380,High,Up
C086,Q2,1195.33,1055.1,2.21,4.39,4.88,8.46,303.85,356,High,Stable
C185,Q3,2537.02,370.54,2.11,3.63,18.26,57.06,308.0,434,High,Up
C285,Q2,3670.86,1100.68,1.94,0.54,10.66,47.09,394.72,537,High,Down
C462,Q4,4792.68,535.7,4.64,3.28,-2.9,45.2,474.57,771,Low,Up
C220,Q3,1141.21,623.11,4.16,0.92,17.12,14.51,188.67,516,High,Down
C069,Q3,4436.6,901.77,0.63,4.01,1.72,38.21,288.77,325,High,Up
C047,Q1,4674.81,-168.79,0.63,4.96,1.09,34.13,43.59,486,High,Down
C497,Q2,4586.28,911.79,2.2,2.89,2.43,59.04,179.72,415,High,Stable
C094,Q4,3195.3,851.59,0.58,3.57,9.43,46.12,206.32,462,High,Down
C238,Q1,3167.61,326.74,3.13,1.57,8.62,36.67,417.7,713,Low,Down
C446,Q1,2045.89,-54.15,0.8,2.47,7.29,51.79,256.94,477,High,Stable
C500,Q4,3774.37,-45.41,2.66,4.35,12.94,13.53,365.67,579,High,Up
C453,Q1,2679.91,1369.48,0.14,1.25,2.91,5.84,9.99,511,High,Stable
C204,Q2,3403.32,971.77,1.65,1.69,14.55,42.96,232.51,353,High,Up
C400,Q2,2170.87,16.07,3.42,2.5,-0.62,10.41,450.71,366,High,Up
C218,Q3,3670.91,406.43,2.47,3.71,14.57,11.35,112.54,843,Low,Up
C474,Q1,4131.13,807.22,4.89,2.19,11.6,45.96,16.25,819,Low,Up
C432,Q3,774.86,1220.47,4.38,4.67,12.08,19.88,216.99,798,Low,Stable
C341,Q1,4173.0,-125.78,1.86,0.93,7.04,39.57,352.36,730,Low,Up
C039,Q2,2724.47,202.28,0.32,2.17,11.68,55.46,227.5,345,High,Up
C100,Q2,4231.1,1312.57,4.24,3.69,-3.01,22.41,230.26,334,High,Down
C289,Q2,2184.94,-184.42,4.57,1.52,16.29,16.94,335.07,488,High,Up
C254,Q1,1926.25,142.38,4.12,3.45,-3.61,10.86,127.57,388,High,Stable
C222,Q2,4579.55,1430.34,0.73,1.24,-1.28,12.18,376.07,634,Medium,Stable
C357,Q1,1293.29,842.78,4.99,0.75,9.42,8.42,76.98,435,High,Up
C023,Q3,4228.85,244.84,1.37,1.04,13.49,9.82,198.18,845,Low,Up
C250,Q1,2445.9,-86.12,3.65,4.68,-3.09,28.76,328.18,412,High,Up
C010,Q3,2594.77,-152.07,4.55,2.98,18.02,22.65,414.27,471,High,Down
C246,Q1,1576.92,216.07,1.25,4.08,19.34,43.86,395.87,638,Medium,Up
C325,Q3,2886.56,1298.53,4.55,2.0,10.15,52.86,360.98,824,Low,Down
C100,Q2,1659.8,507.05,1.62,3.17,7.03,48.16,179.87,473,High,Stable
C290,Q3,244.38,1024.57,4.88,2.73,13.53,34.19,61.59,631,Medium,Down
C180,Q2,1396.39,1361.08,1.48,4.76,3.21,10.63,108.81,506,High,Up
C223,Q2,81.58,493.67,4.77,3.86,7.33,44.04,432.48,642,Medium,Up
C394,Q3,4892.86,125.17,0.36,3.79,17.9,24.96,428.74,403,High,Stable
C250,Q1,4830.45,679.1,3.58,0.71,18.89,9.71,475.8,339,High,Down
C147,Q1,2006.02,1343.74,2.71,2.97,18.18,51.34,38.46,322,High,Up
C442,Q4,3655.44,1167.44,2.44,2.6,1.56,23.6,268.64,551,High,Down
C096,Q1,1761.74,-88.09,1.2,4.68,0.81,17.0,324.52,589,Medium,Down
C257,Q4,3371.91,977.37,3.56,1.66,2.44,52.93,355.47,501,High,Up
C325,Q1,4036.88,772.23,1.03,1.71,6.03,54.62,322.11,454,High,Stable
C493,Q1,4736.44,1342.69,2.81,2.35,2.85,23.64,385.12,405,High,Stable
C004,Q2,2031.05,8.22,1.34,1.6,4.36,24.51,180.06,559,High,Down
C016,Q4,3927.33,707.86,4.78,1.08,10.52,36.88,90.13,499,High,Stable
C280,Q1,1366.35,1295.09,0.24,4.36,14.06,45.34,102.69,516,High,Down
C336,Q4,4952.14,497.04,1.08,3.01,13.39,8.47,6.48,710,Low,Stable
C247,Q2,177.56,619.39,1.29,4.38,15.36,37.63,175.49,416,High,Down
C258,Q2,3037.47,-80.22,2.13,4.24,-4.2,57.41,46.33,723,Low,Down
C497,Q4,3314.55,272.84,1.24,1.77,-3.81,19.42,161.08,511,High,Up
C476,Q2,3455.83,351.66,2.51,2.96,14.73,54.99,314.29,454,High,Up
C384,Q3,645.92,1406.71,4.38,0.87,8.33,57.26,447.29,562,High,Up
C160,Q3,4695.72,280.53,3.59,4.62,9.45,19.8,419.88,806,Low,Down
C475,Q2,946.86,583.48,2.94,2.32,-3.69,46.48,126.71,450,High,Down
C340,Q3,3132.63,941.22,0.54,2.27,1.38,18.13,67.47,511,High,Down
C152,Q1,1152.25,75.71,3.5,1.86,10.96,45.57,96.94,491,High,Stable
C396,Q4,1570.72,626.95,0.92,2.57,16.48,48.86,485.51,397,High,Up
C178,Q1,2754.97,1055.52,3.95,1.63,17.92,18.6,274.96,840,Low,Up
C163,Q4,2115.11,1273.65,1.33,2.19,7.51,44.37,91.66,471,High,Up
C380,Q2,843.12,864.64,2.14,4.1,8.64,49.67,420.45,670,Low,Up
C033,Q1,896.14,937.39,1.82,4.25,15.83,24.72,197.9,454,High,Down
C417,Q2,2119.82,14.68,4.31,1.87,8.44,14.22,449.66,439,High,Stable
C445,Q2,3798.55,1407.82,0.72,2.61,7.92,10.06,130.71,555,High,Up
C179,Q4,4494.93,25.38,2.87,4.43,17.63,36.65,196.91,715,Low,Stable
C427,Q4,466.43,1116.94,0.8,0.74,14.75,58.8,252.72,628,Medium,Stable
C101,Q4,1995.86,250.19,3.55,4.5,17.73,50.26,446.36,677,Low,Up
C268,Q1,546.22,1387.11,4.53,1.49,0.46,28.97,434.44,565,High,Down
C323,Q3,132.13,1023.93,2.23,3.55,8.11,34.51,287.39,840,Low,Up
C065,Q4,3325.51,1081.48,2.49,3.12,16.06,20.37,111.28,438,High,Stable
C417,Q4,3032.12,172.4,4.64,2.99,-2.22,13.97,201.98,811,Low,Up
C168,Q1,856.94,553.17,2.65,4.37,14.87,31.51,487.83,548,High,Down
C330,Q4,1207.37,850.28,2.49,0.96,-0.43,30.49,304.08,607,Medium,Down
C043,Q1,167.35,1108.96,2.93,2.06,15.2,33.71,390.66,518,High,Stable
C044,Q2,4182.99,-23.27,3.48,2.92,10.3,57.4,225.21,592,Medium,Down
C285,Q4,4874.72,1436.02,0.62,4.15,-0.17,38.21,266.24,709,Low,Up
C397,Q4,720.52,1313.38,4.12,1.47,6.83,38.32,214.76,497,High,Down
C012,Q2,1195.8,259.59,2.23,4.11,12.05,12.04,351.61,379,High,Stable
C095,Q2,4348.63,1198.69,0.45,2.3,10.85,59.81,425.81,684,Low,Down
C302,Q2,4636.0,681.15,3.95,1.35,5.68,47.51,253.93,436,High,Stable
C386,Q4,2127.16,585.07,1.95,3.92,17.48,53.25,240.69,512,High,Stable
C253,Q3,300.58,334.54,0.59,0.91,7.98,27.79,170.47,506,High,Down
C499,Q3,244.99,787.65,3.21,2.82,7.65,32.62,88.96,432,High,Up
C242,Q3,2891.05,1040.81,4.41,0.79,-3.44,33.71,469.65,465,High,Up
C035,Q4,1994.83,498.59,4.45,2.1,18.05,15.68,158.38,802,Low,Stable
C215,Q2,191.83,869.67,4.79,3.2,-0.57,42.92,400.45,729,Low,Stable
C337,Q4,2937.1,988.83,4.35,3.0,8.21,54.66,357.82,479,High,Up
C090,Q2,105.95,1008.91,0.11,2.32,15.09,14.0,395.56,420,High,Down
C264,Q4,3947.49,-111.66,1.96,2.43,0.39,9.75,468.42,473,High,Stable
C093,Q4,1566.84,1261.57,4.11,1.52,8.18,45.6,311.87,630,Medium,Down
C410,Q2,249.28,579.03,1.89,2.55,1.02,20.03,449.03,367,High,Stable
C458,Q3,2962.34,246.11,3.05,4.79,13.99,39.31,84.26,437,High,Up
C090,Q2,2018.54,211.0,3.07,4.33,9.11,43.27,313.54,607,Medium,Stable
C418,Q1,4870.31,621.12,1.89,1.15,16.4,22.71,386.25,629,Medium,Up
C115,Q1,2743.78,1307.61,4.53,0.63,17.36,49.83,136.18,537,High,Down
C105,Q2,1412.43,443.19,2.57,4.7,11.22,35.25,370.51,829,Low,Down
C391,Q4,3561.72,1074.53,2.38,2.87,13.13,52.79,389.35,375,High,Down
C196,Q1,1393.89,-35.41,4.99,2.92,8.73,46.98,415.68,450,High,Down
C314,Q1,4526.0,609.3,2.52,4.01,4.61,52.77,156.79,615,Medium,Stable
C114,Q4,1904.87,1485.87,0.97,1.92,11.2,6.11,340.96,336,High,Down
C493,Q4,2771.85,1109.74,2.61,2.67,17.71,18.39,152.47,425,High,Down
C075,Q3,300.34,157.9,4.09,4.86,5.42,9.95,369.65,585,Medium,Up
C413,Q4,2159.3,652.45,3.91,3.52,2.86,29.31,231.76,539,High,Stable
C376,Q2,4170.2,197.16,3.96,1.19,4.71,53.95,298.97,519,High,Up
C420,Q2,4037.96,496.25,3.57,1.1,5.88,30.71,208.21,306,High,Down
C217,Q3,1160.38,1126.14,1.35,1.42,-3.16,51.73,81.41,515,High,Up
C277,Q1,1169.09,1111.08,4.32,3.95,7.46,22.99,89.43,592,Medium,Down
C249,Q1,4095.66,187.77,4.48,1.83,7.36,23.68,39.25,838,Low,Up
C164,Q4,4655.47,1367.78,1.05,0.6,9.71,54.26,309.23,783,Low,Stable
C394,Q2,522.04,807.37,0.74,4.75,4.07,28.42,424.39,342,High,Up
C357,Q1,2277.79,445.87,4.88,1.26,10.33,48.44,10.91,606,Medium,Up
C457,Q3,1720.4,653.29,4.35,0.54,16.96,18.02,33.59,392,High,Stable
C408,Q3,4359.91,828.62,4.48,1.57,18.89,57.18,229.0,568,High,Up
C192,Q2,463.45,751.81,4.44,1.56,9.59,36.6,368.99,514,High,Stable
C227,Q3,1095.07,626.89,2.75,2.4,-3.94,46.76,79.27,413,High,Stable
C177,Q3,3774.72,658.39,3.27,4.64,19.23,9.92,136.19,484,High,Stable
C099,Q2,303.9,99.9,2.77,4.46,12.65,32.1,116.39,424,High,Up
C496,Q4,2488.05,1181.65,0.35,2.56,3.4,54.56,199.83,404,High,Up
C036,Q4,2238.43,720.99,3.75,2.35,-1.32,53.24,112.89,536,High,Up
C466,Q3,1705.29,22.84,2.58,3.0,-1.41,7.57,176.62,457,High,Up
C497,Q4,2003.13,1102.47,3.27,1.6,-0.81,21.7,364.41,773,Low,Up
C487,Q4,2673.21,1385.15,2.56,0.73,-3.86,29.38,305.7,804,Low,Stable
C096,Q3,848.77,1410.42,2.51,4.73,17.55,14.47,41.05,573,High,Down
C152,Q4,2881.38,427.33,0.94,1.34,8.52,45.15,319.05,416,High,Up
C151,Q3,4036.89,30.38,1.47,1.39,12.5,15.15,238.8,835,Low,Up
C190,Q1,3812.8,681.28,0.88,2.63,15.7,24.07,467.32,359,High,Down
C224,Q2,811.8,-8.56,1.06,2.71,14.79,41.48,145.01,700,Low,Up
C037,Q2,788.78,1387.78,4.87,0.58,17.07,31.51,363.22,479,High,Stable
C268,Q4,1377.46,112.09,0.85,1.17,19.18,45.62,365.56,531,High,Up
C369,Q4,1837.32,229.7,1.42,2.2,5.98,57.87,111.14,775,Low,Stable
C183,Q4,2071.86,491.28,2.99,3.58,18.76,11.41,451.66,544,High,Down
C013,Q2,3414.5,451.38,3.09,1.53,13.08,44.03,245.85,512,High,Stable
C279,Q1,330.57,1150.93,0.85,2.4,-3.23,17.67,339.6,758,Low,Up
C217,Q1,221.63,575.74,3.99,3.01,12.04,27.8,73.35,427,High,Up
C355,Q2,1989.96,90.31,3.95,4.5,12.17,6.81,129.27,516,High,Down
C361,Q1,3500.96,254.26,1.26,1.97,17.65,12.47,293.26,319,High,Stable
C286,Q2,1007.5,665.49,1.51,1.1,4.32,22.59,159.85,359,High,Stable
C273,Q1,3225.45,50.67,4.7,2.7,9.62,23.81,250.1,428,High,Down
C369,Q3,1336.15,839.81,4.15,3.86,-4.7,54.48,187.32,496,High,Up
C062,Q3,4436.13,761.77,3.52,0.99,3.3,45.8,320.46,791,Low,Up
C084,Q2,4483.67,1014.99,0.5,2.41,-3.44,58.47,243.83,803,Low,Up
C368,Q1,1521.57,1394.1,2.15,0.58,8.05,37.95,2.8,546,High,Down
C217,Q4,1188.47,1350.83,2.84,0.65,15.44,18.29,325.02,559,High,Up
C342,Q1,2085.95,1408.33,1.02,2.67,0.16,23.02,211.35,646,Medium,Up
C397,Q3,1240.63,216.02,2.3,1.84,8.19,22.59,171.18,496,High,Down
C187,Q3,3378.3,23.66,3.05,4.3,0.1,22.96,47.53,406,High,Stable
C019,Q1,4139.02,313.87,1.7,3.21,-1.98,42.01,110.57,459,High,Down
C177,Q1,3381.81,1321.64,3.93,2.54,7.77,34.19,112.27,721,Low,Down
C100,Q4,4130.53,1452.49,4.22,2.34,-3.02,26.2,467.72,506,High,Stable
C396,Q4,2015.11,1260.85,1.69,2.74,9.68,13.2,216.54,612,Medium,Up
C445,Q1,823.77,-12.97,4.21,0.68,-4.22,6.22,21.51,731,Low,Up
C233,Q1,3702.86,1410.63,0.61,4.52,-2.33,17.04,69.84,534,High,Stable
C403,Q1,1834.35,519.71,4.2,4.99,8.75,10.91,39.98,626,Medium,Down
C076,Q1,3372.79,-184.17,0.85,1.32,9.79,48.2,294.64,778,Low,Down
C265,Q2,1389.69,552.07,0.51,1.04,-4.28,11.19,93.72,727,Low,Up
C455,Q1,452.09,-121.68,3.24,1.15,9.33,44.83,249.53,399,High,Down
C284,Q4,4963.28,724.59,2.41,3.47,15.96,26.21,185.35,537,High,Down
C206,Q3,823.2,375.54,4.55,3.48,13.06,9.04,402.04,406,High,Up
C223,Q2,4942.68,604.84,1.88,4.32,-1.72,49.7,160.58,663,Medium,Down
C384,Q1,4887.54,842.39,1.51,3.88,9.81,36.88,229.4,792,Low,Up
C052,Q3,3979.4,1276.96,2.55,2.52,11.81,17.97,360.78,342,High,Stable
C339,Q2,3314.14,925.23,2.33,3.26,-4.07,54.21,216.96,372,High,Stable
C367,Q3,2910.14,537.88,1.79,3.6,16.38,7.49,396.71,603,Medium,Stable
C144,Q1,4337.2,1193.03,3.5,2.81,17.66,16.1,331.01,304,High,Stable
C373,Q1,1482.73,1339.49,3.82,2.64,16.26,46.36,205.56,648,Medium,Up
C069,Q4,2365.02,3.59,4.28,3.4,15.62,44.02,252.24,699,Low,Stable
C099,Q1,3115.98,704.29,4.87,3.01,13.62,20.91,483.62,732,Low,Down
C396,Q1,2085.39,283.67,1.41,3.4,10.84,8.41,330.97,406,High,Stable
C025,Q2,2166.06,-120.0,3.61,3.26,11.97,52.19,452.55,416,High,Up
C436,Q4,1684.91,936.53,2.03,3.74,15.16,22.25,89.79,682,Low,Stable
C379,Q2,2842.95,1266.71,3.42,3.39,11.56,15.76,241.88,381,High,Up
C469,Q3,4260.34,76.93,2.43,2.84,3.19,33.38,454.38,709,Low,Up
C484,Q1,1047.57,1181.1,4.97,3.57,4.4,55.06,161.64,369,High,Stable
C053,Q3,4675.44,1250.77,3.67,2.52,17.43,7.4,483.85,686,Low,Stable
C151,Q2,3460.98,1354.38,4.77,1.59,-4.57,47.12,48.99,823,Low,Down
C144,Q1,4125.2,250.98,4.19,0.51,12.47,36.49,451.38,596,Medium,Down
C057,Q1,2803.14,1336.72,4.52,3.02,18.87,28.4,222.88,364,High,Up
C039,Q2,3908.61,345.13,4.09,3.16,12.66,45.92,37.34,477,High,Down
C109,Q2,130.19,738.97,2.35,4.87,19.85,58.12,439.82,307,High,Up
C181,Q2,4100.98,-114.14,1.33,2.13,12.19,17.61,126.34,458,High,Stable
C042,Q2,248.69,-125.4,1.91,2.27,-4.14,12.9,11.61,310,High,Down
C186,Q2,4455.07,1024.63,0.2,1.41,15.68,55.21,68.34,710,Low,Stable
C423,Q1,4960.22,555.62,2.67,0.82,2.12,41.79,329.73,454,High,Down
C398,Q2,1505.63,235.7,2.57,3.98,6.15,29.09,488.92,505,High,Down
C223,Q1,1091.08,123.7,2.67,1.62,2.8,36.53,56.18,414,High,Down
C122,Q1,3838.55,938.92,4.87,3.24,1.71,46.01,231.24,678,Low,Up
C133,Q2,1302.48,-199.32,4.57,3.59,5.79,47.52,90.73,649,Medium,Up
C163,Q2,4334.53,1170.01,0.89,2.62,4.47,55.59,372.65,397,High,Stable
C215,Q4,559.07,-65.28,1.91,4.44,10.83,28.48,59.47,318,High,Up
C221,Q1,673.48,125.53,2.18,2.5,15.33,21.14,120.3,612,Medium,Down
C235,Q2,4896.8,456.6,1.87,1.78,2.43,40.18,98.6,827,Low,Up
C331,Q2,3385.5,624.26,4.01,4.53,0.34,27.87,276.48,744,Low,Up
C146,Q2,4242.09,403.49,2.67,4.38,11.67,37.7,436.66,530,High,Down
C239,Q4,1655.43,345.21,2.9,1.24,11.76,28.1,255.79,658,Medium,Stable
C076,Q4,3398.59,1438.66,4.28,0.62,17.53,13.41,29.59,682,Low,Down
C009,Q3,2991.5,890.69,4.05,0.9,-4.6,30.82,281.91,811,Low,Up
C074,Q1,3035.59,-160.16,0.75,1.79,16.33,43.0,398.86,343,High,Up
C442,Q3,3428.54,531.3,3.6,4.88,8.03,48.96,66.51,664,Medium,Stable
C492,Q2,2898.03,1287.51,2.23,3.01,10.53,32.13,36.82,410,High,Stable
C401,Q4,2173.86,312.48,1.54,2.18,-2.72,14.09,94.31,522,High,Stable
C253,Q4,1415.82,-39.25,0.35,4.5,5.82,27.81,373.17,685,Low,Up
C230,Q3,3854.48,1089.25,2.49,2.54,0.68,48.25,296.04,564,High,Stable
C007,Q4,1170.05,830.22,1.84,1.92,1.36,27.71,270.53,570,High,Stable
C174,Q2,3477.15,769.53,1.33,4.74,7.6,43.31,125.12,511,High,Stable
C141,Q4,1205.0,-108.92,3.5,4.32,15.31,32.9,166.45,795,Low,Up
C168,Q3,3145.38,38.85,3.87,4.3,13.59,18.27,482.96,613,Medium,Stable
C170,Q2,3748.04,858.33,1.3,2.81,9.77,48.79,120.69,686,Low,Down
C393,Q3,1132.63,153.3,0.34,4.05,8.49,9.63,450.87,546,High,Down
C434,Q4,346.72,656.92,4.26,1.31,5.68,33.87,290.48,649,Medium,Down
C283,Q3,698.32,726.3,0.15,3.08,19.32,16.49,62.09,371,High,Stable
C122,Q3,3049.68,281.96,4.69,4.93,9.0,8.69,233.92,595,Medium,Stable
C194,Q1,4254.76,1412.32,3.18,1.81,1.35,32.66,474.3,512,High,Stable
C005,Q4,272.73,1232.19,1.68,4.07,0.75,32.48,209.57,594,Medium,Down
C029,Q4,3684.05,1028.03,1.31,2.71,10.28,43.88,431.76,470,High,Down
C165,Q3,1739.53,-67.41,0.14,0.68,8.07,45.96,128.59,545,High,Down
C422,Q1,2418.72,-19.58,1.25,3.93,-4.81,45.03,285.68,440,High,Up
C339,Q4,4647.85,637.73,0.77,1.26,15.75,27.53,422.0,539,High,Up
C136,Q2,1693.26,73.21,3.1,3.34,12.6,39.74,460.38,610,Medium,Stable
C496,Q3,2353.42,1463.05,0.92,0.89,11.55,36.73,243.17,715,Low,Up
C365,Q4,117.73,69.48,2.69,4.76,-3.28,28.19,320.02,697,Low,Stable
C321,Q2,453.91,628.7,2.99,1.81,4.05,37.85,1.99,321,High,Stable
C342,Q4,1330.03,419.01,1.56,1.52,18.38,57.1,126.99,377,High,Down
C500,Q2,187.87,886.96,0.27,1.08,16.56,15.61,139.72,774,Low,Stable
C145,Q3,3175.31,19.36,0.28,4.76,2.14,54.82,47.2,652,Medium,Down
C327,Q4,2160.67,531.54,0.23,3.7,-1.07,7.94,140.21,670,Low,Up
C217,Q4,2763.32,267.0,3.72,3.84,6.23,21.96,160.9,320,High,Up
C301,Q1,914.5,1309.18,1.66,2.75,3.9,20.85,484.4,806,Low,Stable
C132,Q3,1514.86,-131.0,4.0,2.64,12.06,39.45,334.47,459,High,Stable
C292,Q2,3335.93,1353.34,2.22,1.0,19.16,12.22,213.29,660,Medium,Down
C070,Q4,4828.25,1216.09,2.32,3.02,4.08,53.53,494.03,596,Medium,Up
C252,Q4,299.56,305.87,2.61,1.61,-3.44,50.57,77.04,651,Medium,Up
C415,Q2,4457.4,1141.79,3.59,4.9,17.44,40.86,238.29,479,High,Down
C275,Q3,2905.56,-146.94,1.44,4.08,-4.05,30.21,323.71,771,Low,Down
C445,Q1,2841.4,1443.67,0.7,2.36,18.82,56.31,28.26,694,Low,Down
C364,Q1,2526.38,695.21,2.82,1.18,11.61,50.69,358.64,512,High,Stable
C182,Q4,393.5,315.58,1.7,4.03,18.54,32.46,50.38,829,Low,Stable
C167,Q2,494.89,416.39,2.27,1.05,-0.01,43.6,70.57,694,Low,Up
C091,Q4,3024.51,-87.11,3.27,1.35,-3.98,36.18,80.26,326,High,Up
C202,Q2,1737.74,1481.89,2.52,1.45,7.21,37.34,464.48,748,Low,Stable
C346,Q1,4590.48,-133.2,3.14,3.01,6.27,23.2,341.78,737,Low,Down
C019,Q3,2062.62,913.34,2.77,4.04,3.29,30.41,327.89,584,Medium,Up
C039,Q2,759.24,552.65,3.73,1.91,18.94,9.3,277.97,488,High,Up
C126,Q1,3587.86,1413.16,3.56,0.88,15.56,24.65,146.76,498,High,Stable
C451,Q4,1502.1,218.2,2.72,2.59,11.54,43.27,310.63,401,High,Up
C173,Q2,2651.08,704.55,3.43,3.87,-0.93,57.43,205.37,778,Low,Down
C141,Q3,3504.27,620.01,4.38,1.5,13.36,57.97,73.14,523,High,Down
C242,Q4,4506.31,994.87,2.22,1.49,13.18,35.56,344.95,816,Low,Up
C220,Q4,3971.35,-84.38,2.12,4.76,5.63,38.36,65.23,826,Low,Down
C126,Q1,3397.99,129.44,3.84,4.79,18.12,15.21,95.74,740,Low,Up
C058,Q2,3414.18,164.76,2.95,4.96,-0.83,43.24,408.94,816,Low,Up
C148,Q4,4732.33,1054.86,0.45,4.13,1.68,8.89,330.23,529,High,Up
C476,Q3,1514.33,121.54,4.47,1.35,-3.42,20.66,315.68,413,High,Down
C456,Q2,55.5,774.94,0.25,1.45,14.89,41.76,209.39,815,Low,Stable
C317,Q3,1396.18,165.91,3.77,2.03,10.54,22.07,198.44,483,High,Up
C383,Q4,1128.56,1264.76,3.82,1.93,2.87,7.74,345.29,333,High,Stable
C361,Q3,3326.08,1401.72,4.77,4.8,-0.9,50.75,370.13,595,Medium,Up
C423,Q1,3186.87,681.44,0.37,4.05,-4.0,22.07,255.35,752,Low,Down
C001,Q3,2987.63,398.93,3.02,3.76,-0.83,8.47,484.65,804,Low,Down
C387,Q2,130.41,197.9,2.2,1.34,6.33,9.11,477.87,705,Low,Down
C461,Q3,3657.45,-115.37,1.72,4.59,1.18,18.85,206.51,426,High,Up
C348,Q3,1651.48,256.45,0.54,4.23,1.47,14.79,410.4,441,High,Up
C190,Q1,3342.03,912.2,2.86,1.24,16.89,47.59,271.86,427,High,Down
C191,Q3,2805.06,707.15,2.45,4.42,7.88,22.69,256.12,649,Medium,Up
C369,Q3,1746.52,1404.87,0.61,1.73,13.23,49.26,27.95,823,Low,Stable
C409,Q4,716.15,473.67,3.1,0.86,-4.11,14.56,287.2,762,Low,Up
C312,Q4,517.37,979.57,3.72,3.46,4.13,32.11,450.34,543,High,Down
C417,Q2,4166.02,631.85,3.86,3.44,6.98,42.84,390.18,485,High,Down
C422,Q4,4596.07,671.38,4.54,0.93,-0.34,40.86,393.27,532,High,Down
C117,Q4,3266.45,255.22,2.11,1.93,-2.0,38.06,80.38,813,Low,Stable
C134,Q4,562.0,573.42,4.77,4.97,16.76,55.87,179.55,300,High,Down
C058,Q4,2040.03,600.33,4.34,3.55,18.49,17.57,116.99,538,High,Up
C044,Q1,3658.25,1001.29,1.55,3.79,-3.03,32.15,158.3,354,High,Stable
C173,Q4,3910.11,1399.09,0.88,1.46,3.73,53.62,289.98,794,Low,Up
C160,Q1,635.18,359.85,2.23,0.85,18.96,9.28,182.71,717,Low,Down
C173,Q1,50.15,-128.26,2.07,1.75,-2.92,8.07,280.57,747,Low,Stable
C317,Q4,3575.08,643.7,2.92,1.62,11.09,17.83,219.53,637,Medium,Up
C303,Q3,1815.15,725.58,2.96,1.56,19.31,39.82,143.66,576,High,Down
C149,Q1,1309.68,86.35,3.77,1.37,19.46,19.29,48.15,309,High,Up
C080,Q3,113.84,1092.79,2.6,3.09,6.78,15.46,445.97,640,Medium,Stable
C374,Q3,2724.48,1474.38,0.61,1.98,-0.93,30.23,6.18,403,High,Stable
C213,Q4,4263.2,1407.82,4.31,4.19,0.05,38.75,1.33,644,Medium,Up
C203,Q2,4790.28,135.08,1.62,1.33,17.24,18.67,413.49,669,Medium,Up
C252,Q4,2850.44,1288.12,4.86,2.59,17.79,21.54,498.41,497,High,Down
C229,Q2,2596.58,997.64,0.68,0.56,10.2,38.75,363.69,313,High,Up
C164,Q2,471.03,571.54,4.8,2.67,14.15,57.02,8.13,637,Medium,Up
C227,Q4,2766.92,719.04,0.55,0.75,13.5,42.11,113.73,841,Low,Down
C147,Q4,1930.9,1244.32,1.23,4.9,11.55,48.06,485.93,756,Low,Stable
C020,Q2,3055.32,616.23,0.33,4.06,15.68,25.17,404.4,825,Low,Up
C441,Q4,1974.2,434.45,3.56,2.71,12.14,19.97,283.62,735,Low,Up
C402,Q2,1239.48,638.52,4.27,0.89,8.35,29.98,118.81,665,Medium,Stable
C047,Q3,520.08,784.52,2.23,3.17,0.92,49.39,7.68,700,Low,Up
C233,Q4,1608.85,121.43,4.65,3.91,13.6,30.1,10.92,781,Low,Down
C305,Q3,528.39,1331.54,2.99,1.36,6.84,51.57,306.18,409,High,Down
C014,Q1,925.64,946.12,3.19,3.06,2.37,59.38,11.41,705,Low,Up
C143,Q3,4937.31,876.56,4.24,4.16,15.05,8.96,496.82,608,Medium,Down
C415,Q3,2248.31,-30.86,1.55,3.96,12.42,7.5,92.1,459,High,Down
C001,Q2,2682.77,827.1,1.84,4.11,18.43,13.23,355.5,354,High,Down
C373,Q3,4374.41,5.63,4.54,4.46,-0.86,26.14,77.95,555,High,Down
C054,Q4,4978.07,-66.21,4.51,4.72,11.23,12.21,270.28,833,Low,Stable
C374,Q2,2934.44,696.43,4.88,2.32,1.11,52.89,40.77,721,Low,Down
C259,Q1,4071.75,484.74,4.52,3.06,17.59,6.27,383.51,563,High,Up
C144,Q4,1668.36,800.98,0.72,4.06,-2.51,22.37,292.67,532,High,Up
C471,Q1,1563.43,-48.32,4.14,3.64,11.4,15.16,43.54,532,High,Up
C441,Q3,2043.38,532.67,2.11,4.98,14.78,56.23,424.37,816,Low,Stable
C459,Q4,3378.91,97.14,4.95,0.56,3.87,41.82,273.74,344,High,Stable
C012,Q4,3426.85,1478.07,2.41,2.1,18.85,55.16,460.84,735,Low,Up
C330,Q1,1610.44,753.96,2.81,1.76,16.27,58.48,458.35,634,Medium,Down
C224,Q4,709.39,968.64,2.7,1.68,2.37,32.34,460.29,703,Low,Up
C272,Q4,3180.36,353.21,1.68,1.5,-4.81,17.89,39.35,463,High,Stable
C456,Q4,685.21,-38.94,0.47,3.69,2.42,15.66,60.92,555,High,Up
C358,Q3,2913.54,1458.98,4.49,0.88,2.03,17.26,493.86,365,High,Down
C460,Q1,3482.44,286.64,4.03,3.84,17.25,43.97,244.06,387,High,Up
C408,Q4,3518.03,520.47,0.78,3.62,19.18,7.22,119.49,539,High,Up
C156,Q2,3779.69,904.77,3.91,1.63,-3.24,7.82,384.95,610,Medium,Up
C373,Q2,4370.65,-158.01,3.17,1.64,6.78,38.45,132.51,557,High,Down
C008,Q2,2524.8,1177.44,2.1,3.33,8.71,40.31,363.74,813,Low,Down
C122,Q2,3664.73,712.18,1.34,3.93,-2.68,41.59,418.72,733,Low,Up
C348,Q3,3114.91,272.97,4.31,4.44,4.44,25.45,392.24,428,High,Up
C164,Q4,973.87,-95.27,3.53,4.33,2.93,49.33,137.39,625,Medium,Down
C090,Q1,177.16,76.25,2.78,4.84,8.4,34.35,201.11,316,High,Stable
C136,Q4,1458.48,1321.56,3.09,3.12,11.53,10.8,206.92,641,Medium,Stable
C186,Q3,2243.02,966.24,0.55,4.59,12.59,48.84,245.89,548,High,Stable
C316,Q2,3104.67,224.83,2.42,4.14,-1.58,57.42,84.1,476,High,Up
C178,Q3,4257.3,-88.48,1.05,4.53,15.32,8.3,226.51,656,Medium,Stable
C028,Q4,1021.42,974.05,1.12,0.55,11.96,26.52,255.64,794,Low,Down
C220,Q1,671.47,773.09,3.34,4.85,17.23,31.81,266.09,334,High,Up
C357,Q3,4819.23,487.68,4.57,2.63,6.23,13.06,410.04,706,Low,Down
C041,Q1,584.82,418.14,2.08,4.09,17.35,52.72,258.91,309,High,Up
C228,Q3,2418.53,168.58,1.12,1.07,16.64,20.63,115.78,830,Low,Up
C192,Q1,2948.54,938.34,3.28,2.28,5.96,48.07,331.73,834,Low,Up
C411,Q1,2729.8,1450.14,4.37,1.72,4.53,41.9,398.76,394,High,Up
C447,Q2,475.86,98.72,3.77,1.81,18.32,37.89,160.03,749,Low,Up
C145,Q1,332.28,815.1,4.36,1.05,12.88,15.57,322.83,519,High,Down
C201,Q2,572.14,521.11,2.73,4.13,18.21,17.14,73.9,395,High,Down
C417,Q4,2948.66,559.37,3.78,0.54,14.92,7.6,171.29,680,Low,Stable
C212,Q4,2744.51,232.05,0.79,1.91,10.23,18.24,454.66,506,High,Up
C461,Q2,1207.02,1202.73,1.81,1.28,-2.1,24.0,455.7,545,High,Up
C220,Q2,3206.98,624.93,2.01,3.15,2.29,50.82,287.87,809,Low,Stable
C240,Q3,4109.33,723.79,2.61,1.64,19.22,25.15,351.32,382,High,Down
C413,Q3,255.82,318.09,4.65,1.67,2.99,46.5,427.08,616,Medium,Stable
C397,Q3,2515.74,109.07,4.38,2.7,-2.67,29.17,479.3,404,High,Down
C046,Q4,3462.09,-53.95,0.76,3.44,12.69,48.17,245.2,669,Medium,Down
C035,Q3,1298.94,1014.0,0.95,1.05,13.35,58.69,281.01,479,High,Up
C253,Q1,1573.47,133.6,1.85,1.29,2.14,18.19,208.11,382,High,Stable
C390,Q1,3087.51,973.13,1.52,1.61,2.44,52.43,36.45,831,Low,Up
C082,Q3,4494.78,463.64,3.11,4.88,6.72,39.2,211.69,800,Low,Up
C371,Q1,4059.13,506.82,4.52,2.29,-4.46,49.95,395.42,647,Medium,Down
C256,Q4,2936.49,597.6,4.82,3.2,14.73,40.84,402.54,571,High,Down
C197,Q1,3664.6,425.1,3.3,1.59,2.93,28.32,446.24,630,Medium,Stable
C303,Q4,1855.87,-28.95,4.21,2.71,16.34,17.54,26.21,688,Low,Up
C409,Q2,3222.78,326.37,2.67,0.83,15.07,8.85,263.81,436,High,Down
C450,Q2,2357.6,928.35,1.12,0.66,11.54,34.45,54.16,660,Medium,Down
C010,Q2,990.18,931.83,2.67,2.61,3.12,59.47,100.77,581,Medium,Up
C312,Q2,3523.6,286.58,2.82,2.29,7.91,45.59,450.16,501,High,Stable
C286,Q1,2804.5,582.17,3.74,1.12,6.12,23.0,248.65,830,Low,Down
C242,Q3,1825.18,128.86,1.18,3.59,3.47,50.5,379.39,315,High,Down
C251,Q1,4561.13,157.63,1.9,4.97,16.2,47.29,32.66,413,High,Stable
C365,Q4,153.62,-160.82,1.88,2.28,7.09,20.49,208.7,367,High,Down
C005,Q1,1613.08,1324.47,4.8,3.31,15.82,5.79,337.28,329,High,Stable
C119,Q1,331.56,158.2,2.28,4.83,-2.37,11.5,67.14,818,Low,Stable
C289,Q4,3844.31,186.81,3.8,4.24,-1.47,53.25,163.25,321,High,Down
C374,Q2,3525.43,275.32,3.78,2.59,19.43,51.01,32.74,730,Low,Stable
C065,Q2,1690.19,16.59,1.4,3.82,9.69,21.24,325.84,329,High,Up
C146,Q2,3394.53,886.75,2.9,1.08,7.74,20.69,485.46,709,Low,Stable
C224,Q3,2009.89,-72.26,4.48,2.8,8.08,48.61,413.61,348,High,Up
C239,Q4,3793.46,28.14,2.43,1.76,0.38,56.58,487.32,624,Medium,Stable
C177,Q4,2298.21,896.09,4.73,1.23,12.97,47.85,422.88,787,Low,Down
C267,Q1,2090.78,377.42,1.15,2.42,-2.88,38.31,427.67,597,Medium,Stable
C341,Q3,4676.91,1003.51,0.46,1.09,9.33,18.35,288.8,480,High,Stable
C282,Q2,1291.85,747.62,4.47,3.65,9.27,33.92,259.37,421,High,Down
C063,Q3,646.21,235.24,4.25,2.55,17.85,17.84,203.42,423,High,Down
C217,Q4,2943.49,906.41,4.96,2.89,8.15,49.44,409.14,752,Low,Stable
C342,Q4,4848.14,-2.33,3.43,1.16,-1.57,26.28,91.44,565,High,Up
C315,Q1,1920.3,711.9,4.69,1.13,9.32,50.85,28.58,327,High,Up
C283,Q1,357.08,543.15,4.15,3.13,-2.72,25.99,473.97,558,High,Down
C177,Q4,1729.56,255.39,4.24,4.93,0.09,50.33,2.39,376,High,Down
C461,Q2,2554.36,826.81,2.89,0.93,-4.22,23.33,488.43,731,Low,Up
C417,Q2,851.52,1281.27,1.97,1.79,7.83,29.21,364.56,334,High,Up
C098,Q3,3307.61,1498.14,4.68,4.41,-2.89,38.85,164.59,735,Low,Up
C105,Q4,4988.86,833.2,2.22,0.83,6.73,8.87,349.06,413,High,Up
C099,Q4,2286.11,488.0,2.74,4.44,18.32,57.15,409.03,361,High,Up
C385,Q2,1805.91,182.85,2.29,2.86,12.99,36.55,123.06,351,High,Up
C405,Q2,2033.49,237.06,2.87,2.34,-3.06,32.93,385.56,415,High,Up
C496,Q4,619.97,615.07,2.41,1.89,0.61,51.17,402.28,346,High,Down
C311,Q1,4422.2,424.37,0.34,1.84,11.84,52.62,125.05,737,Low,Up
C006,Q4,2103.39,1353.48,4.42,1.88,17.37,33.72,21.44,711,Low,Stable
C476,Q4,1967.01,426.1,2.28,4.48,-4.18,56.0,102.46,400,High,Down
C465,Q2,3315.47,434.86,2.99,3.76,15.31,8.56,100.72,578,High,Up
C197,Q2,2238.07,452.01,0.78,3.51,9.05,11.23,33.09,406,High,Up
C351,Q1,3258.76,1222.25,0.12,4.09,8.65,37.82,363.14,334,High,Stable
C133,Q1,354.16,906.34,1.3,1.66,18.95,24.47,190.3,658,Medium,Up
C358,Q3,4077.93,844.09,3.55,3.28,13.69,30.53,442.25,301,High,Stable
C259,Q4,4705.49,368.04,0.59,2.57,16.25,23.04,126.46,791,Low,Down
C437,Q2,3261.39,1190.44,4.55,4.02,3.85,27.26,226.89,571,High,Down
C023,Q1,4775.1,-134.78,1.15,1.89,8.86,50.25,319.69,443,High,Stable
C485,Q3,799.59,1280.36,1.1,3.39,10.39,37.64,438.79,734,Low,Down
C053,Q3,2413.21,671.67,0.99,4.47,3.04,59.85,262.55,750,Low,Stable
C165,Q2,3028.94,477.03,0.17,2.31,9.26,48.28,187.08,527,High,Stable
C202,Q2,2929.6,645.18,3.88,0.8,0.92,20.05,433.57,844,Low,Stable
C458,Q3,2037.24,934.61,4.39,2.82,-1.42,19.54,155.47,513,High,Stable
C083,Q1,1723.52,-178.3,3.11,2.06,4.35,23.47,40.17,547,High,Up
C145,Q3,677.78,1281.64,1.02,3.53,13.48,51.38,222.8,707,Low,Up
C085,Q4,1989.13,559.46,1.5,4.78,17.9,6.5,392.65,352,High,Up
C078,Q4,855.17,383.04,2.43,2.69,6.44,17.66,15.88,613,Medium,Stable
C457,Q2,3685.11,35.02,4.78,2.6,11.07,54.77,293.15,673,Low,Up
C366,Q1,1083.71,547.09,1.31,3.45,-2.42,40.19,297.43,336,High,Up
C001,Q1,339.9,643.75,3.69,0.97,17.61,17.48,464.31,823,Low,Stable
C051,Q4,2784.21,486.2,2.25,1.64,9.22,17.05,143.59,383,High,Up
C173,Q3,2996.39,953.72,1.56,4.64,14.51,52.44,139.78,393,High,Down
C205,Q2,4365.97,515.52,2.33,3.51,14.86,54.16,220.52,714,Low,Stable
C260,Q3,2906.06,1434.41,0.45,0.56,1.41,19.09,178.78,641,Medium,Down
C446,Q3,1760.13,818.77,4.01,1.42,8.23,28.13,368.3,849,Low,Down
C449,Q3,4024.91,1172.71,1.29,3.57,19.01,50.9,321.06,720,Low,Down
C369,Q1,2724.38,-14.09,3.65,3.94,-2.76,47.41,379.58,647,Medium,Down
C488,Q4,442.44,475.4,0.43,4.28,12.08,49.77,410.11,427,High,Up
C288,Q1,2850.96,372.64,4.78,1.81,19.06,33.51,461.53,451,High,Down
C034,Q4,4544.69,768.12,1.05,4.69,2.51,55.14,215.75,821,Low,Up
C348,Q2,2011.75,1263.89,4.43,2.99,16.54,22.93,492.36,337,High,Down
C095,Q2,1516.81,-66.83,4.07,3.63,18.34,13.62,108.22,726,Low,Down
C072,Q3,760.17,-76.62,4.84,3.19,13.68,43.98,357.33,404,High,Up
C039,Q4,799.66,1245.54,2.44,1.05,0.78,34.66,267.24,464,High,Down
C154,Q4,2192.22,161.85,3.66,4.83,3.35,52.0,408.54,843,Low,Down
C250,Q4,2998.62,936.88,1.92,1.05,-4.1,9.46,238.65,511,High,Up
C162,Q3,449.05,722.89,1.0,1.65,15.79,51.4,392.08,825,Low,Up
C438,Q3,4700.86,1215.92,2.27,4.16,16.24,21.13,465.12,431,High,Stable
C118,Q2,3787.91,12.65,0.91,3.28,10.82,41.02,366.28,451,High,Stable
C259,Q1,2953.79,20.63,4.91,4.27,3.81,7.21,388.16,395,High,Down
C379,Q4,4150.77,746.59,0.57,2.82,-3.08,38.53,34.05,802,Low,Stable
C306,Q4,446.92,1408.84,2.99,2.2,13.83,44.45,102.88,821,Low,Down
C268,Q1,2410.35,505.5,3.17,4.65,13.16,25.28,487.16,673,Low,Stable
C449,Q4,3168.96,355.8,2.74,0.66,17.82,16.85,346.75,315,High,Up
C054,Q3,4151.83,831.37,3.34,4.35,13.26,34.57,280.94,317,High,Stable
C236,Q3,3928.17,1381.76,0.67,1.54,15.72,50.83,183.8,708,Low,Down
C389,Q4,1421.49,1222.78,2.82,4.32,13.65,22.8,22.67,306,High,Down
C478,Q3,4707.36,1492.32,1.51,1.13,10.77,18.89,184.88,544,High,Down
C222,Q3,665.51,-161.63,4.71,3.11,5.67,20.34,249.71,428,High,Up
C251,Q4,4381.91,-8.14,3.83,4.5,17.55,57.2,106.12,754,Low,Stable
C313,Q2,4856.15,836.1,4.87,2.63,11.27,24.76,86.98,371,High,Up
C401,Q1,926.91,1194.98,0.28,3.86,4.96,5.2,254.45,459,High,Up
C112,Q3,3624.23,284.92,1.5,4.12,-2.91,47.99,293.16,386,High,Down
C255,Q2,249.41,206.66,1.06,3.81,2.27,43.46,120.34,700,Low,Up
C303,Q3,2056.84,1137.86,0.15,4.66,8.59,12.07,293.9,761,Low,Up
C407,Q3,2605.6,-104.15,1.29,2.51,1.89,59.17,450.22,828,Low,Stable
C207,Q1,2924.19,427.95,3.43,1.28,0.53,38.44,236.85,388,High,Stable
C229,Q3,4682.89,659.88,1.23,0.72,8.18,32.54,428.77,305,High,Down
C341,Q1,3377.64,752.59,2.59,1.61,-0.75,26.02,463.67,383,High,Stable
C398,Q1,2432.33,1038.65,4.45,1.14,15.01,54.43,46.65,549,High,Stable
C066,Q1,4057.89,403.24,3.5,3.01,7.11,18.42,48.36,715,Low,Down
C075,Q2,4755.14,841.56,2.03,1.33,9.35,20.72,238.28,371,High,Stable
C435,Q4,159.23,795.14,1.93,0.68,-1.32,11.73,294.26,411,High,Up
C103,Q2,4913.48,730.95,2.33,0.66,3.11,46.75,213.23,471,High,Stable
C422,Q4,476.35,888.82,0.97,4.24,5.25,37.76,163.56,572,High,Up
C192,Q4,4081.21,241.06,3.21,3.16,15.21,38.5,320.68,829,Low,Stable
C252,Q1,1437.66,-56.1,1.88,2.11,14.25,17.02,1.54,618,Medium,Stable
C226,Q3,704.29,2.76,4.28,4.52,0.57,40.81,484.05,381,High,Down
C294,Q1,2227.29,181.79,3.81,0.82,10.4,47.1,116.42,374,High,Down
C306,Q3,3237.59,650.34,3.09,4.91,1.09,24.68,458.59,728,Low,Stable
C098,Q4,1935.71,1228.75,1.88,3.27,19.71,49.07,54.95,759,Low,Stable
C338,Q1,320.1,992.2,1.13,1.33,18.8,24.18,119.42,645,Medium,Up
C286,Q3,3017.33,1141.37,3.9,3.56,9.08,46.7,117.82,548,High,Stable
C335,Q2,4516.9,396.66,2.48,3.94,12.47,6.86,498.08,686,Low,Up
C347,Q3,1946.92,487.91,1.2,2.43,15.04,35.31,2.8,662,Medium,Stable
C435,Q1,1120.85,469.26,1.06,4.38,13.02,58.32,320.0,595,Medium,Up
C447,Q2,2240.76,126.18,0.91,1.18,12.5,58.97,434.91,367,High,Up
C482,Q3,289.4,-95.93,3.91,1.75,18.96,20.5,336.3,737,Low,Up
C308,Q3,4111.41,804.56,1.22,0.92,9.91,29.28,181.69,831,Low,Down
C249,Q3,4140.39,1481.67,2.68,1.45,10.91,8.46,479.18,432,High,Stable
C166,Q3,2960.6,83.61,2.31,1.57,16.23,53.03,446.81,594,Medium,Up
C481,Q3,1797.86,-120.64,2.94,4.63,11.75,36.27,217.26,595,Medium,Stable
C472,Q2,4008.93,1125.2,4.4,0.85,13.32,26.18,286.88,332,High,Stable
C335,Q4,2795.7,229.4,4.35,2.42,0.85,11.2,483.78,673,Low,Stable
C030,Q2,4138.36,1210.39,2.31,2.9,4.28,57.07,491.29,331,High,Down
C247,Q2,3175.72,996.69,0.18,4.54,-1.32,34.16,225.19,604,Medium,Down
C106,Q2,3932.81,1407.65,2.19,4.99,7.64,20.56,423.75,407,High,Up
C051,Q4,3012.89,495.18,3.07,3.89,6.39,24.26,151.34,395,High,Up
C081,Q1,2100.0,925.35,2.83,4.87,19.93,19.89,186.22,365,High,Stable
C133,Q4,4791.83,590.25,3.29,4.04,10.28,38.1,82.83,820,Low,Up
C285,Q2,2728.51,872.0,0.85,4.83,14.66,56.15,104.99,529,High,Stable
C388,Q3,3045.19,564.32,3.27,3.68,3.35,52.12,328.61,657,Medium,Up
C138,Q3,1141.41,120.67,0.99,0.86,15.79,30.32,255.64,701,Low,Up
C184,Q2,3146.97,663.43,3.78,2.31,10.38,50.46,115.95,398,High,Up
C401,Q3,2879.46,698.59,1.76,3.41,12.42,28.27,201.75,570,High,Stable
C330,Q2,964.95,1178.03,3.58,2.08,2.36,18.88,186.91,661,Medium,Down
C273,Q3,344.96,1050.39,0.33,1.73,8.72,59.09,493.69,463,High,Up
C340,Q4,3041.58,928.45,2.1,3.1,10.85,21.71,426.86,827,Low,Down
C472,Q1,3830.28,-7.24,3.55,4.7,9.73,22.8,194.29,468,High,Stable
C069,Q1,2640.84,1025.05,1.21,0.66,17.88,59.43,457.0,320,High,Down
C034,Q4,1172.52,650.52,4.0,3.96,17.46,12.37,171.65,839,Low,Up
C262,Q4,3349.28,1319.97,3.19,3.75,19.27,46.83,334.12,696,Low,Up
C053,Q2,446.52,1363.78,2.98,4.84,11.69,56.47,483.34,335,High,Stable
C450,Q2,2237.08,-106.23,1.83,4.69,19.3,33.15,195.44,794,Low,Down
C205,Q2,858.67,1195.09,2.46,3.93,15.81,5.14,340.1,613,Medium,Stable
C126,Q3,963.07,-135.91,3.03,2.84,1.77,25.63,148.31,789,Low,Down
C235,Q2,1051.36,424.19,2.42,1.42,5.69,11.14,133.52,575,High,Up
C043,Q4,1964.2,721.91,3.52,2.95,0.96,27.89,287.29,532,High,Down
C240,Q1,303.19,51.77,2.23,3.94,-4.9,48.45,489.64,735,Low,Down
C459,Q3,2019.08,1068.73,1.09,4.53,-0.3,29.13,226.84,305,High,Up
C371,Q2,2582.95,-185.8,1.15,4.05,-4.9,28.76,468.85,834,Low,Stable
C111,Q3,2442.31,86.62,0.13,1.38,13.0,35.62,457.22,543,High,Down
C249,Q3,1944.78,787.35,1.57,3.2,5.64,36.99,127.25,540,High,Down
C151,Q2,4203.78,1014.46,3.77,1.99,2.81,52.1,201.21,572,High,Up
C183,Q3,769.37,1358.29,3.99,0.54,14.04,21.96,321.83,374,High,Up
C336,Q1,2553.2,999.34,1.09,1.4,15.81,50.19,259.26,582,Medium,Down
C095,Q4,357.11,942.02,4.8,1.01,19.38,36.13,48.43,834,Low,Down
C459,Q4,402.22,470.38,2.56,4.29,11.05,21.53,496.85,386,High,Up
C374,Q1,2890.64,-197.82,4.59,1.66,6.54,21.23,376.45,448,High,Up
C400,Q3,2851.79,4.27,3.56,1.78,2.63,24.86,219.13,449,High,Down
C008,Q2,4396.27,708.74,3.64,4.82,0.56,39.25,309.28,459,High,Stable
C388,Q3,2811.47,947.72,0.52,2.21,0.32,17.69,44.24,745,Low,Up
C360,Q1,4800.97,509.66,1.18,0.54,5.23,55.62,247.9,381,High,Down
C388,Q3,291.04,1042.15,0.14,1.78,19.79,36.62,465.45,306,High,Up
C184,Q4,535.14,687.17,3.61,1.04,-4.98,55.6,448.35,481,High,Down
C281,Q3,268.13,-73.9,1.79,0.96,-0.07,7.55,169.02,825,Low,Down
C195,Q1,967.12,126.43,3.95,0.85,-0.29,23.84,265.92,777,Low,Up
C352,Q4,2729.29,1228.0,1.76,3.17,12.93,6.25,348.84,482,High,Down
C195,Q3,3245.58,1032.35,4.11,1.35,3.81,19.97,170.33,613,Medium,Up
C155,Q3,275.65,1321.1,0.74,2.13,6.43,52.41,32.91,473,High,Up
C093,Q4,4732.56,-0.15,0.95,4.38,-1.28,7.01,252.97,313,High,Down
C160,Q2,4218.72,1483.38,1.77,2.41,5.12,28.99,301.02,599,Medium,Down
C434,Q4,1518.23,155.99,2.1,4.62,-2.42,11.47,3.42,372,High,Stable
C061,Q2,432.08,-179.97,1.81,2.74,8.33,27.93,48.24,813,Low,Up
C122,Q1,890.94,1495.62,3.84,2.29,-2.55,51.14,104.04,642,Medium,Stable
C051,Q1,678.37,277.83,0.58,3.88,14.76,39.27,174.35,695,Low,Up
C403,Q4,660.25,935.63,1.82,0.83,9.17,45.52,270.76,632,Medium,Up
C277,Q4,2616.88,100.36,4.2,0.9,13.1,24.2,147.27,654,Medium,Down
C005,Q1,1266.94,786.39,0.43,3.43,5.46,56.94,138.45,462,High,Down
C466,Q2,1822.79,1336.86,4.72,2.69,4.54,44.01,434.74,415,High,Stable
C092,Q1,4948.05,344.31,4.93,4.06,-2.54,28.2,72.95,702,Low,Down
C170,Q4,3437.36,939.43,0.53,4.62,8.1,28.46,247.98,378,High,Up
C317,Q1,4747.45,119.44,1.53,2.25,7.86,55.53,476.44,746,Low,Stable
C022,Q4,755.65,862.15,1.92,3.18,6.7,36.7,312.69,307,High,Up
C405,Q4,1941.59,371.97,3.9,2.75,13.51,43.85,358.74,322,High,Up
C326,Q1,2795.92,159.05,3.02,4.92,15.81,27.94,215.9,842,Low,Down
C001,Q2,429.95,332.41,3.26,4.24,13.77,17.3,10.46,713,Low,Stable
C133,Q3,70.73,104.03,3.81,4.6,-1.4,44.8,323.24,708,Low,Stable
C233,Q1,3368.65,1333.26,0.68,1.64,10.55,38.43,316.15,321,High,Down
C012,Q3,3227.01,475.22,4.18,3.98,-2.99,32.57,55.66,702,Low,Stable
C346,Q1,2083.4,216.97,3.56,1.69,12.37,39.32,231.35,456,High,Down
C046,Q3,2473.74,562.29,2.93,1.44,4.55,16.46,457.71,629,Medium,Stable
C034,Q2,2106.44,344.91,4.46,4.75,-1.69,48.67,102.94,321,High,Up
C433,Q2,168.82,1065.51,3.53,0.59,16.55,57.15,230.82,771,Low,Up
C078,Q1,1710.09,1451.07,1.09,4.84,10.35,54.01,230.82,563,High,Up
C218,Q4,926.56,544.66,2.21,1.17,3.87,22.68,405.48,602,Medium,Stable
C301,Q3,537.2,1263.76,2.52,4.19,-4.23,27.33,412.38,764,Low,Stable
C411,Q4,4785.77,761.97,0.37,1.74,8.43,49.46,379.76,463,High,Down
C073,Q4,3016.83,67.3,4.78,2.08,18.08,37.73,183.04,435,High,Up
C282,Q4,3656.85,974.06,0.73,1.48,9.91,35.14,36.48,551,High,Up
C249,Q2,1611.05,672.84,3.52,3.13,19.29,55.97,175.07,504,High,Stable
C047,Q1,1996.08,906.03,2.58,2.07,-1.59,34.48,340.06,601,Medium,Up
C121,Q1,1222.77,1312.47,0.23,3.46,9.21,33.32,351.52,541,High,Stable
C214,Q2,529.98,548.74,4.63,0.57,14.95,7.31,482.52,360,High,Up
C239,Q2,936.21,1332.0,4.27,0.79,8.14,8.82,227.09,764,Low,Down
C056,Q1,3997.69,1076.14,2.67,0.95,-2.72,5.41,316.4,601,Medium,Down
C350,Q4,3403.85,630.63,1.22,2.39,9.57,55.23,269.83,771,Low,Stable
C107,Q3,2757.3,825.48,0.7,4.17,10.29,27.46,75.73,693,Low,Down
C319,Q3,2401.69,353.49,1.88,4.5,13.22,30.77,230.87,558,High,Down
C048,Q3,4616.05,1472.12,1.35,1.6,14.03,51.5,272.65,841,Low,Down
C061,Q4,410.04,934.5,2.58,3.08,14.27,38.51,475.4,829,Low,Stable
C337,Q1,1438.97,-125.46,4.84,3.96,11.59,38.52,183.59,486,High,Down
C026,Q2,1782.19,355.26,2.92,1.8,0.4,21.31,490.06,511,High,Up
C292,Q1,3923.01,859.63,4.46,2.34,5.11,50.86,271.38,334,High,Down
C257,Q4,4962.95,-104.23,3.29,2.86,14.4,14.12,121.61,446,High,Down
C008,Q2,1241.32,-159.4,2.43,1.11,18.84,7.92,96.24,581,Medium,Stable
C113,Q4,4377.82,565.04,4.29,0.62,-3.03,15.54,71.28,846,Low,Up
C355,Q3,4161.58,365.57,2.41,1.19,8.39,19.73,226.74,548,High,Up
C253,Q3,1162.05,545.11,4.36,3.32,2.81,20.53,11.45,356,High,Stable
C180,Q4,2026.7,246.58,1.53,0.83,0.63,41.88,222.8,604,Medium,Stable
C207,Q2,2077.88,80.02,0.73,1.35,7.65,16.98,494.21,821,Low,Down
C303,Q2,4892.19,971.54,4.29,2.02,10.15,42.22,335.22,660,Medium,Up
C127,Q1,945.41,674.77,2.98,0.85,-4.76,10.01,380.01,536,High,Up
C056,Q3,4005.83,140.26,4.46,1.36,14.51,13.1,59.94,533,High,Up
C214,Q1,1704.25,343.3,4.7,4.6,15.5,32.99,236.81,522,High,Down
C014,Q1,3667.81,806.07,0.36,0.59,19.14,55.7,143.47,626,Medium,Up
C474,Q4,2129.05,-77.21,2.55,3.44,-0.48,52.28,447.1,397,High,Stable
C028,Q4,2912.88,50.67,1.94,2.23,9.86,58.28,91.06,525,High,Up
C471,Q1,4171.43,-75.48,3.17,3.53,5.67,40.78,229.64,788,Low,Down
C078,Q3,4030.62,1180.94,3.99,3.15,3.37,42.17,294.23,777,Low,Down
C216,Q4,4338.79,1079.1,1.47,1.51,9.14,39.38,257.26,633,Medium,Down
C386,Q1,345.11,1080.63,2.83,4.31,14.56,39.26,415.21,811,Low,Down
C365,Q1,3475.65,1017.75,3.57,2.71,-4.42,13.09,116.11,681,Low,Down
C154,Q1,742.94,937.96,0.76,4.2,19.24,34.91,189.01,722,Low,Stable
C014,Q1,2108.3,610.89,4.09,2.33,15.25,26.23,396.15,647,Medium,Stable
C187,Q1,2765.51,891.87,3.07,4.93,13.78,29.34,264.27,452,High,Up
C312,Q1,2043.56,-134.79,4.75,3.97,14.01,33.8,201.36,751,Low,Up
C371,Q4,2622.08,856.49,1.76,4.85,4.73,12.06,15.21,589,Medium,Stable
C007,Q3,4982.81,1122.39,0.63,2.81,13.79,24.77,376.82,418,High,Down
C003,Q1,719.33,650.61,2.58,2.63,4.67,8.49,486.1,513,High,Stable
C111,Q2,3393.51,407.77,0.52,3.9,17.47,58.88,310.33,738,Low,Down
C407,Q4,2010.2,271.63,4.85,4.46,-0.57,11.52,428.34,746,Low,Up
C238,Q4,708.4,892.76,0.29,4.84,2.31,19.22,258.68,341,High,Down
C363,Q1,835.75,977.76,3.79,1.96,8.78,54.02,116.22,694,Low,Down
C239,Q4,4748.9,1280.64,2.67,4.09,2.98,31.55,7.71,546,High,Down
C493,Q1,4404.03,381.97,1.91,1.45,5.61,12.46,326.87,590,Medium,Stable
C274,Q3,4539.86,1108.61,0.42,2.96,7.31,26.13,246.81,547,High,Down
C294,Q3,4958.09,754.3,3.15,1.31,16.41,11.37,391.16,748,Low,Up
C227,Q4,1081.16,1300.82,2.97,2.06,8.08,16.01,347.49,383,High,Stable
C371,Q4,1809.42,697.28,1.48,4.69,4.06,7.86,493.98,520,High,Down
C015,Q2,3362.63,679.97,4.56,1.16,1.19,29.1,255.4,350,High,Down
C192,Q4,2444.82,782.39,1.59,3.35,5.22,49.36,213.87,849,Low,Down
C473,Q2,2121.03,1073.84,2.3,3.17,7.89,37.23,143.73,486,High,Down
C119,Q3,1821.17,1439.97,2.76,1.04,13.65,38.35,238.69,824,Low,Down
C485,Q3,2989.21,-74.94,0.59,1.97,-1.97,16.03,436.5,522,High,Down
C028,Q1,2899.19,-109.16,4.67,3.03,0.54,23.91,21.7,764,Low,Stable
C202,Q3,849.22,1393.84,1.94,1.34,4.49,51.49,488.96,718,Low,Up
C039,Q2,2385.11,700.79,0.5,4.1,4.01,9.83,496.66,386,High,Down
C441,Q4,2789.69,845.34,2.0,4.87,4.79,52.19,299.11,558,High,Down
C273,Q1,2872.92,620.12,3.04,1.47,14.84,31.6,166.11,480,High,Up
C231,Q2,1090.03,-40.78,2.62,1.34,3.1,51.04,111.91,610,Medium,Stable
C086,Q4,3724.24,1105.75,3.5,2.55,7.55,22.49,138.61,472,High,Up
C474,Q1,174.74,1070.28,0.37,3.86,10.6,23.64,25.53,621,Medium,Up
C126,Q3,1806.42,329.9,1.49,1.77,0.8,46.34,237.82,639,Medium,Down
C300,Q2,3912.05,320.61,4.11,0.59,12.97,48.17,29.13,795,Low,Up
C025,Q4,2841.27,1224.33,0.49,2.94,8.68,17.63,359.38,544,High,Stable
C145,Q1,1342.75,-76.99,4.29,4.8,6.17,58.51,186.28,804,Low,Down
C013,Q1,3490.02,1297.88,0.55,2.26,15.24,9.65,100.08,628,Medium,Up
C212,Q3,2858.59,236.32,4.19,2.39,1.09,8.77,272.65,495,High,Stable
C025,Q4,3991.41,808.07,1.87,4.86,17.08,37.75,486.89,361,High,Up
C068,Q3,3688.37,1391.19,3.1,3.63,9.03,44.75,347.72,324,High,Down
C394,Q3,3070.03,952.81,0.85,3.74,10.23,57.85,246.13,677,Low,Stable
C067,Q4,2466.48,504.53,0.42,3.03,16.88,27.27,388.57,594,Medium,Down
C233,Q4,709.25,972.21,1.16,4.89,15.44,6.39,368.87,351,High,Stable
C109,Q4,1343.6,384.77,0.73,3.6,10.04,38.16,445.92,339,High,Stable
C146,Q2,2124.54,271.34,1.63,4.53,13.83,20.93,102.73,756,Low,Stable
C111,Q4,3016.53,1494.36,2.62,3.65,5.83,28.81,429.51,301,High,Up
C228,Q1,2592.85,1076.34,2.98,3.81,8.68,31.87,150.86,768,Low,Down
C111,Q3,1476.51,896.02,3.97,1.81,-3.45,8.55,470.53,405,High,Stable
C470,Q2,82.0,403.99,3.32,1.87,-2.75,31.73,140.89,515,High,Stable
C034,Q4,2506.38,-116.43,3.08,4.02,15.74,28.45,463.46,713,Low,Stable
C111,Q2,1463.85,-147.2,2.12,1.84,-3.51,44.19,481.91,509,High,Stable
C264,Q4,3686.31,742.11,2.42,3.03,-0.77,40.51,73.17,357,High,Stable
C424,Q2,168.53,1095.46,2.13,1.62,14.9,15.19,487.26,342,High,Up
C369,Q3,2944.9,713.54,4.23,4.18,-4.97,16.34,43.32,437,High,Up
C236,Q3,4710.3,1229.33,1.23,1.0,2.06,18.81,109.67,788,Low,Up
C083,Q1,913.33,-143.17,0.13,4.23,9.6,14.84,222.36,768,Low,Up
C042,Q1,2384.66,423.48,3.29,3.21,9.89,41.15,496.8,688,Low,Up
C425,Q4,502.54,203.02,1.09,1.34,14.43,59.69,244.54,497,High,Up
C101,Q3,3147.13,560.36,4.46,2.94,7.65,40.87,275.43,501,High,Up
C006,Q2,2775.13,-76.96,4.31,1.77,7.74,38.37,347.37,491,High,Stable
C180,Q2,2066.46,1422.02,0.48,1.96,13.13,27.55,484.16,406,High,Up
C282,Q2,2630.82,179.53,0.62,2.08,7.47,22.19,391.78,626,Medium,Up
C320,Q1,4488.04,1367.92,2.53,0.78,10.21,55.11,112.46,656,Medium,Stable
C226,Q2,1021.66,524.02,3.09,4.94,17.44,58.3,151.84,800,Low,Stable
C443,Q1,161.69,1475.39,1.45,0.64,5.04,32.32,49.27,583,Medium,Up
C440,Q1,4315.24,741.9,3.61,3.48,4.63,20.96,322.4,767,Low,Up
C315,Q4,2906.73,1382.42,3.02,2.17,-4.91,47.36,90.78,807,Low,Up
C365,Q2,4458.76,-190.91,1.69,3.41,10.34,12.29,129.07,405,High,Up
C454,Q2,3004.88,1072.01,0.22,2.1,-4.26,47.11,444.11,593,Medium,Up
C229,Q3,4060.3,1335.19,3.78,3.53,7.6,50.04,163.71,365,High,Down
C377,Q4,2176.88,37.52,1.15,3.78,15.11,11.87,283.54,494,High,Stable
C289,Q3,3761.81,-36.59,4.19,3.61,8.75,58.73,199.08,487,High,Down
C437,Q4,4569.56,521.77,2.16,1.01,1.74,59.2,37.48,346,High,Down
C150,Q2,2882.01,1387.25,2.93,3.46,14.65,56.52,181.75,661,Medium,Up
C277,Q1,944.89,722.06,4.38,1.76,1.74,32.28,204.33,836,Low,Down
C198,Q1,1380.55,696.68,4.33,0.63,13.33,18.53,447.9,786,Low,Down
C070,Q1,1033.29,39.91,1.92,2.37,10.26,37.01,162.56,545,High,Down
C112,Q1,1271.94,-198.66,1.12,2.45,-0.75,28.1,189.93,477,High,Stable
C004,Q1,1566.76,1177.24,3.9,2.6,17.63,16.33,391.56,414,High,Up
C350,Q3,2797.91,-51.12,2.22,3.67,0.02,28.3,379.6,464,High,Stable
C331,Q4,2960.56,877.54,1.04,1.89,19.74,41.51,399.24,518,High,Stable
C446,Q2,2161.17,1354.85,4.53,1.92,-4.82,8.9,476.91,496,High,Up
C318,Q3,3096.33,154.71,1.07,0.77,1.59,23.34,397.88,700,Low,Up
C350,Q4,453.8,930.96,0.23,3.59,-0.0,5.98,204.1,375,High,Up
C095,Q1,484.55,-66.21,0.2,3.06,-4.65,46.22,410.84,725,Low,Down
C152,Q4,900.56,826.38,3.15,2.07,13.31,40.24,254.58,586,Medium,Up
C311,Q4,2614.48,78.68,3.34,3.67,12.34,8.45,139.22,844,Low,Up
C137,Q1,1109.27,1051.12,1.62,2.92,14.81,58.06,151.81,598,Medium,Stable
C247,Q1,1452.26,312.09,1.67,2.61,1.42,6.24,112.31,593,Medium,Up
C387,Q1,2031.55,587.76,1.76,2.8,6.11,37.45,72.92,746,Low,Up
C243,Q2,4068.74,819.03,3.43,3.36,11.48,47.7,92.65,713,Low,Stable
C031,Q1,118.62,91.16,0.38,3.47,5.99,48.33,32.06,730,Low,Stable
C040,Q2,3264.43,1060.78,4.65,1.8,12.43,6.89,444.28,529,High,Up
C229,Q1,3360.94,314.49,1.19,1.13,10.85,54.85,465.54,395,High,Up
C036,Q2,4003.35,926.03,5.0,1.2,-2.13,55.51,293.59,738,Low,Stable
C408,Q4,4667.13,69.08,0.94,3.38,14.53,35.88,420.32,470,High,Stable
C223,Q3,149.68,969.8,3.88,4.43,13.02,31.51,92.19,616,Medium,Stable
C006,Q4,811.23,17.92,1.19,2.34,11.4,7.47,450.89,843,Low,Up
C322,Q4,4436.55,523.11,0.5,1.26,-1.12,35.91,253.43,790,Low,Stable
C468,Q1,2319.67,220.25,4.39,3.9,1.7,27.52,34.05,687,Low,Down
C220,Q2,2844.72,1072.24,4.31,4.25,4.83,47.5,71.09,371,High,Stable
C075,Q3,3331.98,245.46,2.08,4.46,2.0,27.21,154.83,831,Low,Down
C004,Q1,3411.38,1298.92,3.54,3.23,0.7,42.6,22.26,538,High,Down
C335,Q1,4662.11,1316.09,2.83,4.37,15.13,10.58,154.99,388,High,Up
C134,Q1,4984.9,133.95,4.28,0.57,10.96,12.31,30.44,834,Low,Up
C118,Q4,3614.78,843.54,1.64,0.98,9.14,12.68,118.4,453,High,Down
C369,Q2,1471.74,-50.88,2.67,0.92,0.65,7.5,133.2,489,High,Up
C094,Q2,4404.77,465.61,2.48,3.71,17.95,34.77,497.19,714,Low,Down
C486,Q3,293.64,1012.65,1.83,0.81,-0.22,48.67,118.16,453,High,Up
C435,Q2,1193.85,921.02,4.47,2.73,14.87,38.57,119.97,638,Medium,Stable
C062,Q2,4492.06,861.99,0.91,2.63,19.17,36.62,343.55,816,Low,Up
C441,Q1,1318.15,280.32,0.83,1.9,13.18,42.43,429.75,334,High,Stable
C194,Q1,1142.22,442.64,2.93,4.42,19.82,23.68,193.83,825,Low,Stable
C335,Q4,733.72,-24.99,3.32,1.27,11.28,24.91,437.87,836,Low,Up
C203,Q1,4302.6,1022.34,1.05,2.09,0.44,22.28,170.4,517,High,Up
C392,Q1,2525.29,656.61,2.01,3.98,0.1,44.17,98.91,553,High,Stable
C026,Q1,3390.72,1004.9,4.74,0.64,3.11,13.89,165.15,502,High,Up
C435,Q1,1233.38,223.2,1.31,3.53,-4.82,5.72,304.87,400,High,Up
C173,Q4,3802.3,351.54,3.37,4.17,12.04,37.79,183.89,660,Medium,Up
C300,Q1,3812.03,368.17,3.73,4.7,1.72,56.83,336.61,477,High,Down
C133,Q3,1597.36,-156.24,2.3,4.44,15.38,38.52,118.85,575,High,Up
C326,Q3,2082.88,379.78,4.69,1.94,3.98,48.06,350.65,611,Medium,Stable
C410,Q3,1087.97,1165.62,3.71,3.14,7.0,42.0,174.05,709,Low,Stable
C118,Q3,4883.98,1325.41,2.34,0.85,19.14,32.36,228.21,587,Medium,Stable
C324,Q1,3245.73,680.97,2.89,1.66,1.05,44.51,279.09,824,Low,Up
C275,Q3,4675.99,574.35,3.49,0.92,13.03,50.33,343.27,700,Low,Stable
C212,Q1,1551.76,-147.6,3.0,1.92,13.88,17.36,119.74,516,High,Down
C225,Q4,3920.36,1294.65,4.41,4.44,0.52,23.49,418.05,769,Low,Stable
C020,Q3,3841.0,-177.88,1.85,2.06,7.52,17.3,361.06,326,High,Down
C113,Q2,3473.7,1406.08,1.57,3.03,3.76,29.87,117.43,721,Low,Up
C140,Q3,4829.91,631.67,1.15,2.45,14.3,53.68,487.5,313,High,Stable
C047,Q3,1998.1,381.29,0.29,2.57,10.56,23.99,332.57,800,Low,Down
C001,Q1,697.05,1371.17,0.31,4.86,6.9,25.6,226.49,624,Medium,Stable
C090,Q3,3374.96,-158.54,4.36,1.83,14.48,52.32,79.18,623,Medium,Up
C142,Q2,3660.08,788.42,3.42,3.32,0.88,33.35,266.84,584,Medium,Stable
C320,Q1,2896.55,733.19,3.34,2.39,13.84,34.45,82.81,388,High,Up
C038,Q1,1073.75,172.84,3.11,0.78,16.63,52.34,215.03,344,High,Up
C293,Q4,2547.06,529.11,4.26,2.7,16.97,31.98,204.65,797,Low,Down
C382,Q4,1595.34,908.85,2.45,4.16,14.59,42.49,360.11,797,Low,Down
C139,Q3,2165.96,1036.12,4.37,0.94,5.2,9.71,96.6,444,High,Stable
C356,Q4,3243.83,-198.78,1.86,0.81,19.55,14.82,411.02,817,Low,Down
C333,Q4,3738.81,1392.65,4.64,1.19,4.49,27.24,163.4,381,High,Up
C491,Q4,1199.51,79.69,3.52,3.94,10.97,32.22,222.27,466,High,Down
C259,Q1,2056.36,197.09,1.36,3.76,-0.97,58.12,386.28,404,High,Up
C161,Q1,1382.35,247.9,2.86,3.04,19.51,58.39,312.88,787,Low,Down
C390,Q1,1033.23,-135.71,2.71,2.61,12.6,51.82,154.36,609,Medium,Up
C178,Q4,3927.77,9.19,0.78,4.5,13.83,22.36,193.41,381,High,Up
C010,Q1,4550.8,1476.79,3.0,3.95,-3.36,58.02,153.24,393,High,Stable
C261,Q4,1882.65,335.87,1.64,4.15,14.09,42.91,297.59,620,Medium,Up
C407,Q1,3768.83,-3.99,0.36,4.16,14.37,26.61,166.65,642,Medium,Down
C138,Q1,4490.13,-18.11,4.75,3.39,11.79,43.59,362.99,660,Medium,Up
C172,Q2,4238.31,1023.08,3.24,2.56,2.3,5.91,290.1,365,High,Up
C386,Q3,954.93,1252.77,4.4,4.39,7.24,13.04,73.28,728,Low,Down
C013,Q4,4783.64,236.82,3.41,4.67,-2.24,50.63,155.48,700,Low,Down
C168,Q2,1914.55,-164.45,1.85,0.61,6.79,40.51,111.11,470,High,Down
C130,Q1,1729.24,179.25,2.61,0.73,1.1,25.03,195.46,367,High,Stable
C084,Q4,359.04,-103.92,3.41,4.81,3.73,32.54,258.23,791,Low,Stable
C321,Q1,2456.56,-24.23,4.81,1.75,-0.93,54.78,253.63,333,High,Stable
C319,Q3,589.62,533.56,1.34,4.43,0.75,39.74,377.38,300,High,Down
C101,Q2,1280.27,190.86,4.39,2.25,-3.09,26.9,94.99,450,High,Down
C329,Q3,1618.87,677.11,4.63,1.04,18.0,11.62,473.26,557,High,Down
C273,Q2,4053.69,230.94,3.39,0.86,8.26,21.16,171.75,318,High,Stable
C265,Q1,4383.67,1398.91,4.66,1.2,4.92,58.81,150.47,334,High,Down
C459,Q3,1547.21,1340.1,2.05,1.62,8.38,29.05,342.75,670,Low,Up
C399,Q3,4300.56,763.57,4.77,2.7,10.71,30.95,402.86,790,Low,Up
C408,Q1,4293.29,402.52,3.54,3.66,18.05,32.42,189.55,540,High,Up
C038,Q3,3835.02,447.95,0.31,4.94,-0.53,53.63,373.55,306,High,Up
C419,Q4,776.14,500.15,4.54,2.49,2.39,38.22,441.93,848,Low,Up
C094,Q2,3467.1,1036.88,2.47,2.83,19.39,43.15,383.52,670,Low,Down
C095,Q2,4727.87,567.79,2.36,2.85,4.28,26.42,17.58,549,High,Up
C305,Q2,3428.58,1256.44,2.88,2.93,-4.44,6.6,413.77,414,High,Down
C069,Q4,1691.5,1404.96,0.83,2.83,-1.31,56.2,387.35,636,Medium,Stable
C318,Q2,2527.87,371.11,2.4,0.54,-4.34,57.2,334.81,441,High,Up
C444,Q1,3246.34,753.18,4.17,0.51,19.75,57.2,380.13,784,Low,Up
C236,Q3,2577.32,-38.4,0.18,0.94,1.97,56.9,489.72,737,Low,Up
C434,Q4,643.77,140.8,1.44,0.96,18.09,49.84,215.84,387,High,Down
C334,Q2,1594.72,502.89,0.11,3.67,19.9,42.65,34.08,762,Low,Down
C373,Q1,4021.86,150.54,2.14,1.42,10.0,51.45,230.71,347,High,Down
C376,Q3,4314.02,1290.15,3.67,4.53,-4.17,38.03,23.69,780,Low,Up
C459,Q3,729.64,69.09,4.01,4.68,-2.96,12.39,147.48,823,Low,Down
C137,Q4,4764.31,574.62,4.73,4.89,7.04,26.52,293.65,510,High,Stable
C418,Q4,1677.67,829.69,3.08,4.73,5.15,58.42,155.16,543,High,Up
C076,Q4,3328.45,976.17,1.35,1.72,10.15,24.31,342.85,538,High,Stable
C483,Q1,3771.53,451.22,4.63,2.79,5.97,52.73,411.08,496,High,Down
C035,Q1,4069.13,1277.47,3.9,1.29,18.35,10.13,210.51,534,High,Up
C001,Q4,4731.46,766.14,2.91,4.13,8.37,23.38,450.12,486,High,Down
C296,Q2,1598.95,547.16,3.51,4.5,12.34,24.3,40.38,589,Medium,Up
C320,Q3,4299.61,-85.69,4.63,4.33,17.41,7.84,420.14,520,High,Up
C406,Q3,701.85,589.97,3.59,2.45,-1.33,11.55,414.37,796,Low,Up
C060,Q1,3539.95,1195.25,1.91,3.91,0.74,15.62,161.34,795,Low,Up
C320,Q3,3722.79,844.72,3.59,0.94,-2.32,51.08,149.71,601,Medium,Up
C349,Q2,3404.73,1214.68,0.3,0.68,-1.51,8.49,152.89,486,High,Stable
C328,Q3,1298.96,639.82,1.99,3.89,7.81,21.43,405.79,749,Low,Stable
C267,Q1,4371.56,1.38,2.09,2.41,3.03,5.56,415.91,711,Low,Down
C361,Q1,885.85,-176.81,0.92,4.98,5.58,43.26,165.2,544,High,Down
C229,Q2,315.49,315.47,0.21,0.94,19.56,39.12,296.5,612,Medium,Stable
C270,Q2,3601.45,986.58,0.75,4.35,-1.08,40.47,69.9,795,Low,Up
C316,Q3,2403.6,1143.44,3.31,2.66,8.52,25.59,234.65,321,High,Up
C286,Q3,4253.04,302.78,4.03,4.22,-2.53,16.45,499.4,367,High,Down
C291,Q1,1947.82,642.61,4.94,4.18,2.96,44.62,79.84,691,Low,Down
C213,Q2,882.98,515.9,1.8,4.62,8.19,49.61,473.81,615,Medium,Up
C165,Q2,4190.39,497.89,3.04,1.84,18.67,12.62,412.22,364,High,Down
C005,Q2,2767.1,193.29,4.69,4.77,4.78,31.78,486.12,840,Low,Up
C339,Q3,986.52,31.83,0.92,1.18,-3.38,18.68,90.2,511,High,Down
C379,Q2,3615.9,134.37,3.62,0.87,4.7,14.25,107.15,499,High,Down
C078,Q1,2580.01,-105.93,3.8,2.44,-1.36,45.39,8.93,477,High,Stable
C410,Q1,3041.35,136.82,0.54,4.23,0.75,34.6,362.49,722,Low,Stable
C062,Q3,2331.45,-184.36,4.32,2.63,10.45,16.89,322.23,761,Low,Down
C132,Q4,4152.11,866.34,4.08,4.23,-3.31,22.05,89.44,343,High,Up
C089,Q3,4156.34,337.84,0.26,3.78,6.62,58.17,395.68,730,Low,Down
C237,Q4,3561.47,1454.35,0.55,1.44,10.24,51.68,149.95,467,High,Up
C042,Q2,571.74,129.32,0.34,4.77,5.55,53.4,67.93,586,Medium,Stable
C089,Q3,4202.33,387.91,1.74,0.77,-4.52,30.3,211.57,636,Medium,Stable
C402,Q1,3371.51,408.33,2.6,4.54,19.64,39.31,45.94,470,High,Down
C296,Q2,3500.27,-185.63,2.71,1.87,4.18,25.72,131.99,482,High,Stable
C328,Q1,1846.77,1226.65,1.41,2.75,14.46,9.27,185.98,315,High,Down
C295,Q2,4402.43,-145.61,4.57,2.4,3.14,27.06,426.01,795,Low,Up
C104,Q3,3640.59,1398.31,1.9,1.27,6.88,37.67,396.38,409,High,Stable
C014,Q4,607.32,1316.53,0.32,2.11,4.71,20.79,221.66,605,Medium,Down
C288,Q2,2068.5,710.39,1.57,1.37,3.56,51.64,362.43,305,High,Stable
C179,Q4,4437.58,724.11,2.7,1.42,-4.45,13.31,284.54,572,High,Up
C125,Q2,283.62,911.42,2.1,1.34,4.0,25.19,170.75,660,Medium,Stable
C422,Q1,4809.01,457.99,1.44,2.7,17.24,11.87,363.07,484,High,Down
C353,Q1,3411.85,900.28,0.74,4.09,12.26,27.27,341.91,399,High,Stable
C023,Q2,3175.31,-123.89,4.11,3.06,-1.36,7.18,309.74,389,High,Up
C063,Q4,1389.27,-108.12,4.98,4.52,9.78,19.99,309.17,545,High,Down
C143,Q3,1281.52,577.29,1.71,3.36,17.31,27.04,341.65,538,High,Stable
C481,Q3,4713.19,734.36,1.97,3.6,12.5,31.3,192.58,380,High,Down
C153,Q1,1526.45,1309.29,3.13,3.5,-1.28,34.9,434.6,414,High,Up
C145,Q3,3888.75,-22.08,3.62,2.52,16.7,20.12,81.57,575,High,Down
C225,Q1,1995.95,1198.5,2.02,3.6,2.54,33.77,442.0,379,High,Stable
C495,Q3,739.31,157.08,4.53,0.81,6.35,33.0,171.47,478,High,Stable
C450,Q2,103.04,469.94,2.84,4.37,8.15,22.39,62.95,608,Medium,Down
C462,Q1,2744.07,338.22,2.31,4.0,16.26,50.66,300.21,808,Low,Stable
C309,Q1,4880.11,480.26,3.27,1.6,18.29,35.01,188.31,559,High,Down
C104,Q2,1877.22,55.84,4.77,3.96,18.24,23.27,407.84,591,Medium,Stable
C104,Q1,1818.1,656.07,3.99,0.56,-4.8,57.1,215.68,590,Medium,Down
C435,Q3,1753.25,1162.79,0.3,1.48,18.05,51.48,334.45,841,Low,Up
C039,Q3,2626.69,550.61,1.73,0.79,-3.64,59.04,154.47,362,High,Up
C435,Q1,2231.29,634.04,2.41,4.01,1.64,43.07,105.12,704,Low,Up
C198,Q3,4405.58,1242.9,1.64,3.9,7.87,25.8,194.33,779,Low,Down
C134,Q4,2552.33,1000.3,3.53,4.16,7.0,20.45,303.6,624,Medium,Stable
C067,Q1,2563.4,633.77,4.15,0.52,10.12,41.48,328.64,680,Low,Stable
C391,Q2,734.94,238.08,3.68,2.76,6.99,58.94,289.31,609,Medium,Stable
C179,Q4,4914.56,1304.38,4.95,3.67,18.36,39.47,494.03,642,Medium,Up
C456,Q1,1287.37,780.93,1.44,1.2,1.01,53.49,345.7,774,Low,Down
C042,Q2,413.15,175.95,4.39,3.42,1.85,23.1,465.79,355,High,Down
C448,Q3,3332.57,257.5,3.86,0.88,18.02,27.38,59.41,724,Low,Up
C500,Q2,2997.06,1165.33,1.87,1.32,-3.08,54.85,31.16,441,High,Down
C015,Q4,2104.97,-124.95,3.7,2.64,10.24,46.63,155.84,675,Low,Up
C111,Q3,2139.85,1486.56,0.61,3.44,12.04,58.98,68.73,525,High,Up
C157,Q1,3936.07,21.6,3.97,1.16,7.64,47.61,263.17,773,Low,Up
C289,Q3,1018.78,1153.32,2.71,1.33,12.36,29.67,259.73,324,High,Stable
C500,Q1,4110.25,471.12,1.53,1.42,-0.68,34.21,287.74,664,Medium,Down
C478,Q1,3261.3,636.77,3.31,1.57,16.32,54.53,372.74,394,High,Stable
C231,Q2,2123.9,1297.11,3.24,1.52,-1.5,35.34,485.68,807,Low,Down
C411,Q2,2317.24,501.95,1.13,2.28,5.02,19.05,439.19,475,High,Up
C420,Q2,1320.4,713.74,0.25,3.44,-3.12,28.96,59.62,707,Low,Up
C157,Q4,3772.97,-116.19,2.22,2.47,8.63,33.4,169.59,789,Low,Up
C038,Q4,2588.73,-196.01,2.89,3.99,11.74,10.32,128.28,758,Low,Up
C441,Q2,1638.23,216.16,4.4,3.74,18.53,45.91,88.82,712,Low,Stable
C097,Q4,3000.45,956.99,4.65,1.07,13.48,11.01,272.59,637,Medium,Down
C485,Q3,4978.89,6.15,2.69,0.72,8.53,27.27,276.86,630,Medium,Up
C411,Q3,2204.55,-6.6,3.79,4.45,18.32,49.25,114.01,512,High,Up
C439,Q4,4607.42,498.63,2.25,0.86,6.96,30.72,356.09,644,Medium,Down
C289,Q4,1757.83,901.32,3.76,1.17,9.03,51.31,366.59,846,Low,Down
C254,Q3,320.93,1010.52,1.1,0.6,9.9,23.8,10.98,823,Low,Down
C196,Q1,1061.0,103.37,1.92,3.33,5.25,57.67,198.18,645,Medium,Up
C086,Q3,2122.54,-64.7,3.21,3.12,15.96,16.52,445.13,547,High,Down
C322,Q3,1137.19,1398.67,0.19,4.94,-0.37,7.1,260.4,624,Medium,Up
C010,Q4,51.12,243.13,3.64,4.49,8.87,52.98,174.14,766,Low,Stable
C005,Q3,4579.26,1250.69,4.19,2.35,13.06,46.37,127.21,390,High,Up
C123,Q4,4227.2,1267.94,2.06,2.17,17.6,17.76,122.06,593,Medium,Up
C330,Q4,3724.35,1113.29,2.29,1.84,17.1,59.16,50.33,840,Low,Down
C353,Q2,880.68,87.02,4.27,1.19,7.72,32.63,408.7,823,Low,Up
C118,Q3,645.8,1197.06,3.9,1.12,11.08,57.31,43.79,558,High,Down
C294,Q1,384.64,1107.73,1.51,1.1,4.86,32.78,146.5,386,High,Up
C397,Q2,3633.94,814.43,1.69,1.01,6.7,30.95,23.32,457,High,Up
C159,Q4,4647.6,373.24,3.43,1.58,17.66,29.7,390.8,793,Low,Stable
C303,Q4,2181.15,246.26,2.86,1.88,18.27,23.42,20.12,485,High,Up
C228,Q1,639.75,7.21,0.89,4.83,17.39,34.35,154.5,643,Medium,Up
C365,Q4,2586.34,666.59,1.62,3.1,-1.54,29.89,286.86,815,Low,Up
C216,Q3,1776.72,794.94,4.51,4.94,16.25,7.02,205.08,808,Low,Stable
C436,Q2,1905.38,410.88,3.47,2.18,18.71,19.32,141.49,839,Low,Down
C184,Q4,3125.59,608.11,4.93,2.56,4.03,16.72,137.96,315,High,Stable
C015,Q4,3607.65,417.97,3.86,1.96,7.97,52.71,399.0,824,Low,Stable
C157,Q1,597.49,889.71,4.72,1.32,14.48,37.94,487.0,499,High,Stable
C136,Q3,226.17,1332.14,1.16,1.14,9.05,47.0,174.35,483,High,Down
C261,Q4,4971.93,78.66,3.88,4.75,19.84,57.63,20.05,608,Medium,Stable
C157,Q1,1202.01,448.39,0.2,4.94,6.39,40.42,18.76,807,Low,Down
C047,Q4,316.46,39.48,3.39,0.7,12.85,59.04,379.73,580,Medium,Stable
C324,Q1,989.88,862.4,2.4,1.18,14.81,22.15,276.41,457,High,Stable
C332,Q1,242.84,1039.08,1.8,2.41,7.35,15.24,391.9,659,Medium,Down
C173,Q3,1989.46,1384.25,4.33,1.34,16.42,27.18,348.9,558,High,Up
C130,Q4,4021.89,274.08,4.29,2.14,8.65,30.89,453.8,456,High,Down
C411,Q3,1739.16,1415.36,0.21,1.08,5.29,54.24,442.97,724,Low,Down
C095,Q1,2248.71,-92.45,3.09,2.55,-2.3,35.8,394.27,320,High,Down
C115,Q2,3394.15,825.12,1.9,1.72,4.84,21.07,237.86,646,Medium,Stable
C243,Q4,2569.03,-102.87,2.14,2.08,13.35,45.84,154.41,649,Medium,Down
C420,Q2,4314.16,1319.42,4.18,0.92,18.03,32.82,253.76,684,Low,Up
C292,Q4,4336.88,700.68,1.62,2.43,1.29,13.92,251.28,737,Low,Down
C282,Q3,99.06,937.89,4.72,4.92,3.88,36.73,305.33,755,Low,Stable
C299,Q3,3901.33,1213.68,0.98,1.98,-1.15,55.13,93.46,845,Low,Stable
C283,Q3,2330.63,55.53,3.35,4.44,12.27,51.34,327.98,379,High,Down
C069,Q3,4944.76,-134.39,3.39,4.29,19.0,37.27,228.57,751,Low,Up
C148,Q3,2442.0,1294.1,1.34,4.78,11.02,25.74,310.29,840,Low,Up
C011,Q2,4935.13,335.39,1.69,4.06,10.43,9.78,120.18,788,Low,Up
C254,Q3,3785.12,19.26,4.19,3.47,8.84,30.83,217.48,822,Low,Up
C330,Q1,1280.59,596.38,3.83,4.35,-2.79,46.36,105.5,691,Low,Stable
C360,Q1,2715.06,817.12,1.71,0.84,13.24,24.82,437.71,658,Medium,Up
C038,Q2,4961.07,-147.35,2.72,2.58,10.05,17.95,244.24,332,High,Up
C134,Q4,4294.78,267.32,0.4,4.95,11.54,56.23,112.88,435,High,Stable
C200,Q1,531.97,-144.24,1.12,3.96,17.47,50.19,21.08,709,Low,Down
C023,Q4,3546.54,514.57,2.48,4.83,14.6,40.11,338.03,828,Low,Up
C303,Q2,1760.62,1321.67,0.52,4.01,14.52,12.52,107.72,390,High,Down
C346,Q4,84.56,1470.51,4.23,4.44,18.18,12.97,494.8,712,Low,Up
C302,Q4,2047.23,882.98,3.62,3.68,19.75,10.68,267.08,598,Medium,Down
C363,Q4,1212.03,74.78,4.72,3.92,9.53,38.9,144.84,786,Low,Stable
C396,Q4,4103.4,1339.94,3.5,2.85,-2.28,11.36,329.01,372,High,Stable
C218,Q2,1719.79,677.62,4.71,4.66,6.48,51.34,137.97,560,High,Up
C141,Q1,4146.24,61.37,2.82,4.21,14.69,59.61,410.23,611,Medium,Up
C104,Q3,52.96,1366.94,3.04,4.3,-4.31,25.15,154.46,464,High,Down
C446,Q4,1573.7,1087.7,4.89,3.53,-3.58,29.95,494.13,634,Medium,Up
C210,Q1,1243.77,1043.9,3.25,1.87,-3.32,44.14,302.77,801,Low,Down
C473,Q1,1206.16,1005.61,0.25,0.66,13.28,56.54,422.28,460,High,Up
C481,Q2,387.52,140.58,3.65,4.71,7.53,54.18,36.87,689,Low,Down
C111,Q1,976.27,158.71,4.54,3.14,4.22,8.17,174.48,370,High,Stable
C104,Q2,2799.97,970.1,4.0,1.84,-2.36,14.3,368.87,391,High,Stable
C316,Q4,1492.24,173.53,2.96,1.17,13.31,46.5,327.7,660,Medium,Stable
C171,Q4,2116.1,545.74,3.39,4.23,3.03,42.89,97.52,620,Medium,Up
C460,Q3,1915.49,1129.4,4.95,4.26,1.63,12.33,178.42,544,High,Down
C492,Q3,4385.73,1132.72,0.54,4.17,11.31,32.61,132.09,323,High,Down
C356,Q3,4531.23,570.55,3.37,3.4,8.98,47.94,306.88,702,Low,Stable
C496,Q1,2490.14,1146.72,1.49,2.15,4.06,17.03,172.61,672,Low,Stable
C324,Q4,1684.27,1225.66,3.24,1.87,11.04,52.92,154.87,585,Medium,Stable
C133,Q2,578.66,913.12,3.08,0.54,1.78,7.91,104.09,740,Low,Stable
C376,Q3,4769.34,188.32,0.85,4.25,14.87,48.02,204.81,651,Medium,Down
C293,Q2,348.12,265.82,1.11,0.89,0.73,38.87,98.15,518,High,Stable
C328,Q2,1523.37,335.23,3.15,3.34,-1.03,22.34,481.3,784,Low,Stable
C127,Q3,1525.43,-1.43,0.73,2.77,14.56,44.65,77.67,742,Low,Down
C106,Q4,1635.99,264.37,1.4,2.87,12.7,48.03,456.7,517,High,Stable
C497,Q3,863.22,156.18,4.19,4.67,-0.43,56.36,214.52,366,High,Stable
C092,Q2,3926.65,574.06,1.7,0.64,-2.09,25.23,189.24,330,High,Down
C287,Q3,656.36,1344.34,2.49,3.98,15.96,42.73,116.04,621,Medium,Up
C378,Q2,3192.79,-22.38,4.71,0.73,14.41,38.14,318.06,549,High,Up
C393,Q2,663.04,1024.46,1.21,0.67,3.18,33.89,342.92,309,High,Up
C051,Q3,399.15,968.38,2.01,2.43,11.45,53.97,234.05,584,Medium,Down
C029,Q1,4551.68,-37.22,3.07,0.78,-1.9,5.17,28.33,452,High,Down
C462,Q3,991.14,1368.37,3.8,4.05,7.68,20.52,459.3,843,Low,Down
C296,Q1,4115.19,766.4,4.52,2.88,-4.53,34.61,490.17,828,Low,Down
C297,Q2,2745.92,418.33,4.59,0.63,4.79,14.81,215.81,670,Low,Stable
C214,Q2,435.39,1086.12,3.91,0.68,-3.13,54.93,307.02,600,Medium,Up
C267,Q1,4779.47,237.52,1.22,3.26,6.88,40.62,225.42,445,High,Stable
C407,Q2,1272.46,978.97,0.22,4.13,5.54,31.28,161.28,351,High,Up
C257,Q1,4305.24,-132.49,1.98,2.47,6.11,49.81,39.12,703,Low,Down
C302,Q1,885.61,1226.99,0.79,3.0,-3.87,29.8,228.31,440,High,Down
C101,Q2,4277.02,561.89,3.58,4.1,4.04,35.73,409.28,387,High,Stable
C405,Q4,115.48,882.38,3.34,3.25,13.91,5.15,9.01,726,Low,Down
C346,Q1,2583.31,176.1,0.32,1.51,4.22,25.11,291.26,383,High,Up
C110,Q3,3858.74,951.03,4.2,3.26,12.88,12.63,440.45,542,High,Up
C420,Q3,4677.24,1112.81,1.32,3.33,4.24,42.93,109.17,405,High,Up
C182,Q2,4550.55,604.46,2.22,3.8,5.58,31.35,92.04,654,Medium,Down
C471,Q4,4107.14,850.14,3.37,3.29,9.1,21.6,386.25,320,High,Down
C313,Q2,4446.55,575.75,2.2,4.86,18.77,30.73,127.92,305,High,Down
C001,Q4,1036.14,1319.96,2.26,1.39,-2.28,16.53,96.4,520,High,Stable
C319,Q1,1456.71,646.38,0.42,4.78,-4.18,55.88,189.31,386,High,Stable
C438,Q1,1480.39,1231.07,2.07,2.92,10.2,7.97,196.55,752,Low,Down
C055,Q1,1916.42,1162.3,3.85,3.52,18.73,52.6,437.11,641,Medium,Up
C371,Q1,1996.94,497.86,4.58,0.95,19.74,33.12,309.41,692,Low,Stable
C424,Q3,2745.55,191.14,2.13,2.21,7.1,39.04,203.28,651,Medium,Down
C399,Q3,841.4,490.34,2.18,3.96,6.7,21.64,267.43,545,High,Down
C149,Q2,3471.67,1204.57,3.54,3.68,11.12,58.17,477.01,412,High,Down
C431,Q4,879.45,186.98,4.72,0.68,8.89,20.5,57.05,457,High,Down
C457,Q1,1586.03,691.54,1.41,2.96,10.85,37.39,104.25,536,High,Stable
C309,Q1,2541.56,1170.36,2.26,0.9,16.85,59.64,481.28,542,High,Stable
C137,Q4,3992.38,400.91,4.0,4.98,13.66,53.46,478.68,465,High,Stable
C202,Q4,3710.37,891.76,3.09,4.54,7.42,34.5,88.99,333,High,Stable
C436,Q2,3245.4,217.57,0.64,0.59,6.55,59.47,72.98,554,High,Stable
C313,Q4,821.08,-14.22,3.18,4.36,10.99,43.58,210.83,601,Medium,Up
C117,Q1,2757.87,1150.45,1.02,4.64,6.39,16.48,25.33,519,High,Stable
C154,Q1,482.86,-31.75,2.6,2.09,6.44,27.31,327.62,331,High,Up
C425,Q1,1917.95,261.35,2.69,3.74,-4.59,23.4,39.21,808,Low,Stable
C291,Q1,2096.91,1253.69,4.39,2.49,-0.65,23.92,29.49,781,Low,Up
C063,Q1,247.07,389.0,2.37,3.45,7.21,46.83,242.85,532,High,Up
C244,Q2,1406.24,1454.18,1.47,2.03,15.57,37.13,478.91,514,High,Up
C025,Q1,4780.46,1465.55,1.23,1.95,1.97,7.1,213.68,541,High,Down
C090,Q2,4770.48,256.07,4.38,2.41,8.07,53.26,178.56,544,High,Down
C075,Q1,1794.02,-130.34,0.94,1.16,3.62,21.32,498.98,319,High,Up
C294,Q3,263.35,998.61,2.19,4.24,-2.38,59.84,266.22,509,High,Stable
C386,Q3,936.52,566.68,1.02,2.07,18.96,57.48,187.93,725,Low,Stable
C391,Q3,1991.48,-28.72,3.89,2.3,16.37,56.73,193.24,371,High,Stable
C210,Q3,4741.51,1002.79,2.42,4.52,-3.04,49.61,97.88,477,High,Stable
C475,Q2,748.94,-147.0,1.82,2.73,12.99,17.13,256.36,822,Low,Stable
C418,Q2,3829.4,1279.33,1.87,2.95,3.69,34.29,219.71,598,Medium,Stable
C347,Q4,587.98,35.71,4.28,4.8,19.87,17.34,135.76,565,High,Down
C017,Q1,4907.23,16.43,2.81,4.49,2.56,19.28,80.69,819,Low,Down
C128,Q3,1939.0,98.64,3.62,1.26,0.97,38.6,155.96,794,Low,Stable
C427,Q2,3887.41,1432.45,4.5,2.63,9.2,7.25,254.59,574,High,Up
C443,Q1,1745.83,978.39,4.52,4.87,15.88,58.32,29.64,352,High,Up
C364,Q1,3156.96,1162.33,1.71,2.18,-0.19,55.53,77.3,699,Low,Stable
C251,Q2,1000.48,475.98,4.77,2.17,12.74,25.94,473.85,713,Low,Up
C179,Q3,772.8,371.73,0.22,1.38,-3.46,33.35,271.66,788,Low,Down
C182,Q4,4693.42,198.62,1.95,1.01,17.97,30.64,32.19,801,Low,Up
C152,Q1,4592.35,617.1,4.49,3.83,-2.97,53.52,346.7,606,Medium,Stable
C025,Q4,4442.97,738.11,1.45,3.97,17.86,42.87,31.37,716,Low,Stable
C455,Q3,3145.9,874.02,1.44,4.86,7.27,20.3,369.57,808,Low,Up
C180,Q3,4050.93,237.1,1.58,3.98,6.2,29.58,375.11,829,Low,Up
C198,Q4,391.73,1412.71,3.1,1.6,19.33,28.59,325.71,305,High,Up
C344,Q3,1707.21,88.59,2.25,0.68,19.76,57.76,366.24,721,Low,Down
C161,Q1,1602.83,1441.61,3.66,4.93,11.25,14.64,44.44,750,Low,Down
C177,Q4,3196.44,-174.74,4.49,2.03,-1.82,9.93,363.53,726,Low,Down
C285,Q3,1811.99,617.91,3.4,1.9,7.65,53.43,68.78,689,Low,Up
C063,Q4,785.11,366.73,1.1,4.58,8.23,54.32,170.08,633,Medium,Down
C491,Q1,3002.51,563.51,4.67,3.13,7.86,52.95,471.4,747,Low,Up
C150,Q3,4081.2,770.13,1.4,1.47,9.24,33.1,251.69,637,Medium,Down
C154,Q1,1941.51,540.5,0.83,4.5,-4.53,41.29,483.73,387,High,Up
C156,Q3,704.73,505.24,0.54,4.97,12.78,35.98,44.92,568,High,Down
C370,Q2,1023.61,1045.63,2.86,0.89,12.81,8.82,239.04,364,High,Up
C469,Q3,1225.54,965.99,0.66,4.38,-2.11,37.77,31.67,363,High,Up
C049,Q4,1534.49,1216.56,0.78,2.26,9.26,5.75,315.29,569,High,Up
C455,Q3,3231.84,224.93,1.57,2.86,9.21,22.87,39.81,676,Low,Down
C337,Q1,3024.68,836.2,1.48,4.62,12.06,56.28,88.1,628,Medium,Down
C084,Q1,3495.6,794.83,3.06,4.88,-2.87,21.72,129.79,817,Low,Stable
C361,Q3,1844.38,428.55,4.1,1.68,10.66,56.69,374.5,720,Low,Up
C177,Q4,4128.79,626.3,3.83,1.46,2.02,18.76,82.4,612,Medium,Up
C148,Q2,1060.23,333.43,1.39,0.86,7.68,22.3,423.39,608,Medium,Up
C118,Q4,2371.75,41.14,1.3,3.03,14.33,39.56,66.39,488,High,Up
C342,Q2,4014.65,163.46,4.83,0.56,12.64,46.89,18.1,341,High,Up
C476,Q1,941.79,-20.63,0.14,2.35,-2.03,32.58,197.83,619,Medium,Up
C063,Q4,593.82,961.22,4.41,0.83,9.78,53.52,489.73,744,Low,Down
C189,Q2,4424.24,923.24,1.08,2.32,19.23,7.21,55.62,673,Low,Down
C360,Q3,1747.5,1416.03,4.74,0.68,-1.08,55.72,51.31,585,Medium,Stable
C049,Q1,3435.16,1040.45,1.78,4.26,16.32,15.8,375.71,470,High,Up
C327,Q3,175.48,-111.52,2.26,1.44,12.56,53.63,156.42,562,High,Down
C257,Q1,3465.73,1303.22,3.56,1.98,14.35,27.05,358.78,834,Low,Stable
C224,Q4,1614.7,1266.55,2.98,4.42,2.05,50.8,100.41,441,High,Up
C141,Q4,325.92,553.64,1.66,3.86,2.2,41.94,230.31,447,High,Stable
C478,Q1,3068.57,795.97,2.81,1.49,17.65,14.68,133.01,739,Low,Stable
C215,Q1,1241.98,1459.33,3.68,0.82,4.0,55.49,226.04,715,Low,Stable
C435,Q1,1964.7,704.92,0.31,3.72,-3.42,18.5,384.66,324,High,Down
C379,Q4,448.88,1339.05,0.15,2.26,10.01,18.43,381.12,393,High,Down
C440,Q2,778.46,-58.83,2.34,3.95,-1.88,49.78,258.13,604,Medium,Stable
C211,Q3,1524.99,124.79,0.75,2.5,14.91,10.82,464.22,484,High,Up
C318,Q3,494.31,549.28,3.36,2.06,11.04,17.21,132.26,582,Medium,Stable
C032,Q4,4558.59,794.09,1.15,2.53,16.87,32.7,120.54,454,High,Down
C158,Q3,79.93,1187.59,2.22,3.87,14.62,50.68,307.1,313,High,Stable
C285,Q1,2445.11,1480.05,1.07,4.56,-2.2,13.11,310.84,640,Medium,Up
C305,Q2,660.07,461.05,2.79,0.72,4.53,35.12,23.75,772,Low,Up
C429,Q3,1573.01,-119.39,0.67,2.86,14.36,44.12,304.08,407,High,Down
C477,Q2,4633.99,1161.99,0.21,0.65,5.43,52.33,187.53,630,Medium,Down
C286,Q1,850.39,827.45,0.35,2.61,19.31,56.46,373.85,839,Low,Up
C144,Q3,4830.87,137.52,4.78,4.48,13.39,48.16,404.15,738,Low,Down
C424,Q4,1068.68,641.21,0.8,2.13,-4.61,40.91,276.3,683,Low,Up
C019,Q2,3720.75,1061.93,3.57,4.7,17.0,28.85,1.35,459,High,Down
C018,Q1,2756.05,1109.7,0.43,3.34,-2.48,11.17,318.36,731,Low,Down
C257,Q2,4428.17,649.35,0.63,4.7,-1.49,44.04,374.57,695,Low,Up
C078,Q3,2792.27,318.86,2.59,3.91,13.36,59.6,124.87,787,Low,Down
C371,Q3,2696.07,1455.36,2.38,0.97,16.62,45.52,232.59,488,High,Up
C175,Q4,1017.52,927.72,4.76,1.54,8.41,5.92,482.88,717,Low,Down
C498,Q1,872.84,494.0,4.73,2.27,2.23,32.29,149.41,642,Medium,Up
C194,Q1,4586.62,276.79,3.92,1.27,3.78,38.81,111.97,660,Medium,Stable
C476,Q4,1672.8,1042.88,3.05,2.73,3.57,42.93,105.82,408,High,Up
C113,Q4,1891.81,211.71,2.33,2.62,3.17,44.58,279.62,600,Medium,Down
C114,Q1,3811.13,91.91,1.85,4.8,1.07,35.7,474.92,667,Medium,Down
C222,Q2,1727.18,700.72,4.74,2.45,10.22,17.28,304.54,554,High,Up
C166,Q2,4762.71,292.98,3.05,4.04,17.51,56.82,152.01,615,Medium,Up
C435,Q4,3702.74,869.14,2.94,4.74,2.68,43.32,319.47,370,High,Up
C319,Q2,3007.27,0.5,1.24,4.45,-0.33,18.03,312.61,568,High,Up
C132,Q1,4410.43,913.4,0.33,1.44,15.96,22.73,298.66,800,Low,Down
C385,Q3,295.55,281.6,4.73,2.73,13.54,55.71,80.13,508,High,Down
C264,Q3,1322.46,-199.59,1.64,2.06,18.27,53.81,317.47,777,Low,Up
C413,Q2,2351.93,15.79,2.27,2.3,-0.86,27.28,215.37,475,High,Down
C055,Q4,1173.54,1387.15,0.66,2.12,-1.39,7.11,9.79,538,High,Stable
C359,Q4,3732.33,1274.5,4.2,4.22,8.54,7.67,270.11,741,Low,Stable
C131,Q4,4600.08,197.14,0.24,2.53,10.36,20.62,494.64,791,Low,Up
C288,Q4,2147.66,1123.23,4.19,2.86,7.0,39.6,175.19,398,High,Up
C266,Q4,1743.56,834.57,0.79,4.92,9.97,37.13,482.8,628,Medium,Down
C458,Q2,4809.68,1450.54,4.44,0.77,-0.49,39.86,48.55,625,Medium,Up
C467,Q3,2252.02,435.13,3.68,2.7,6.99,44.45,366.36,744,Low,Up
C366,Q3,2470.79,958.48,0.91,3.98,11.45,6.05,57.61,594,Medium,Up
C162,Q2,1790.67,-91.99,2.87,1.18,5.82,10.78,137.15,741,Low,Up
C380,Q4,4552.26,473.62,1.63,3.25,11.99,24.77,285.63,330,High,Down
C481,Q2,2866.33,1438.49,0.97,1.58,6.28,13.52,296.59,430,High,Down
C087,Q3,3822.76,716.27,4.31,4.4,3.34,9.14,387.72,826,Low,Up
C055,Q1,4068.44,289.4,2.08,1.97,2.59,40.25,307.85,737,Low,Down
C476,Q2,1742.15,4.46,2.05,1.98,5.27,49.84,297.01,625,Medium,Down
C288,Q4,2196.79,996.0,0.93,3.19,-4.42,46.39,456.22,566,High,Down
C178,Q3,4249.94,896.26,1.98,1.33,11.71,49.94,226.35,585,Medium,Stable
C391,Q3,1848.11,435.7,4.37,1.78,16.13,41.62,113.02,590,Medium,Stable
C349,Q3,3979.98,1416.6,1.88,2.37,3.87,45.44,81.31,667,Medium,Down
C008,Q3,4707.91,-162.26,4.76,2.09,-3.85,19.95,200.3,785,Low,Stable
C321,Q4,3134.89,316.33,4.74,2.86,19.67,59.62,356.52,467,High,Up
C313,Q1,3721.06,1365.82,0.81,3.2,1.59,15.07,21.75,770,Low,Down
C247,Q3,4035.23,345.59,0.97,3.05,-1.83,16.8,64.96,469,High,Down
C323,Q2,4232.95,228.83,4.33,3.44,4.24,20.89,53.5,645,Medium,Down
C472,Q1,2005.51,708.17,2.02,1.88,13.46,58.64,292.83,377,High,Up
C471,Q3,303.75,1200.46,0.12,1.07,2.35,59.36,121.81,384,High,Up
C443,Q1,2039.29,-24.65,1.44,3.92,9.37,48.72,83.55,500,High,Up
C255,Q2,3385.09,1403.14,3.03,4.33,5.39,39.6,296.59,660,Medium,Down
C328,Q3,2279.23,1151.62,4.02,1.66,-2.06,33.6,380.77,601,Medium,Stable
C054,Q2,3757.37,108.13,0.75,2.33,3.26,58.38,166.41,592,Medium,Up
C249,Q4,1817.06,1010.41,0.64,2.74,13.12,43.26,289.31,593,Medium,Stable
C239,Q3,3191.98,454.43,4.62,2.9,10.3,56.96,49.51,408,High,Up
C229,Q3,972.78,483.9,3.78,3.47,-2.01,22.41,467.63,664,Medium,Stable
C067,Q3,3759.38,1131.59,2.99,0.69,-0.92,23.36,168.78,793,Low,Stable
C051,Q3,2751.2,1436.73,3.87,3.75,11.02,52.01,498.75,566,High,Up
C097,Q4,1060.12,15.31,2.2,0.78,15.34,13.24,489.3,392,High,Up
C092,Q3,1494.96,515.07,3.82,2.61,3.74,57.03,389.52,363,High,Up
C495,Q1,3755.61,617.6,1.92,4.22,9.88,32.91,10.52,727,Low,Stable
C264,Q3,2438.88,439.73,1.3,2.53,-0.73,55.95,271.97,667,Medium,Down
C418,Q4,1119.36,417.42,3.67,1.17,2.78,23.52,43.87,404,High,Down
C291,Q3,4837.99,-111.14,2.16,4.93,-4.49,44.38,447.62,508,High,Up
C096,Q1,3589.87,965.42,4.91,4.5,14.21,31.56,394.92,773,Low,Stable
C088,Q4,4787.82,541.56,1.81,3.97,5.03,39.47,486.18,360,High,Up
C078,Q4,2164.17,131.15,4.62,2.35,15.4,32.74,304.39,645,Medium,Up
C288,Q1,2401.75,1187.26,4.67,1.33,12.71,58.19,261.33,311,High,Up
C120,Q1,4494.88,1164.35,1.29,4.74,15.72,43.07,259.73,765,Low,Down
C302,Q1,2648.99,626.87,4.01,2.9,2.14,18.82,193.53,494,High,Up
C491,Q1,3551.03,307.37,2.22,4.34,-0.37,55.03,234.61,373,High,Down
C400,Q1,1298.26,884.76,4.6,2.04,19.3,21.17,317.89,685,Low,Up
C452,Q4,2261.3,289.86,2.31,2.01,12.93,25.44,466.51,435,High,Down
C500,Q4,661.08,201.21,3.75,4.93,15.85,10.62,298.14,735,Low,Down
C165,Q3,1069.6,1041.87,2.39,2.85,-4.67,54.5,428.63,338,High,Up
C182,Q3,54.67,-131.45,1.22,1.13,3.86,20.74,431.46,842,Low,Up
C469,Q2,244.36,-38.89,1.08,1.49,13.57,19.24,259.66,619,Medium,Stable
C398,Q3,4887.55,-188.46,2.18,2.67,-3.05,55.61,174.06,652,Medium,Up
C223,Q3,1249.65,60.0,3.8,0.69,9.18,49.3,319.97,813,Low,Up
C311,Q1,3333.39,-82.72,3.06,2.58,5.73,12.76,223.22,782,Low,Down
C432,Q1,4203.54,1492.86,3.47,2.39,-4.56,47.31,41.18,715,Low,Up
C466,Q3,2775.77,290.98,1.48,4.01,0.9,55.22,189.22,669,Medium,Down
C007,Q2,808.07,53.76,2.46,2.1,2.12,9.32,497.04,642,Medium,Up
C330,Q1,3654.18,209.69,0.32,4.92,-2.2,50.39,24.73,624,Medium,Up
C263,Q3,3021.24,1391.41,4.11,1.31,10.79,35.11,348.49,666,Medium,Stable
C161,Q3,3669.69,684.27,4.95,3.16,1.06,41.81,420.67,635,Medium,Up
C151,Q4,3860.25,420.19,2.09,0.9,1.94,32.11,324.54,595,Medium,Up
C085,Q2,4878.28,1284.77,0.15,3.8,17.46,43.38,285.09,323,High,Stable
C147,Q4,2889.14,471.48,0.93,4.98,6.68,6.88,353.92,741,Low,Up
C112,Q2,1741.12,369.51,3.3,4.19,4.8,46.95,214.96,403,High,Down
C381,Q1,3259.9,152.38,3.1,3.0,13.1,6.83,46.14,711,Low,Stable
C403,Q2,388.78,442.25,3.96,2.68,17.74,30.04,481.2,593,Medium,Down
C036,Q3,4492.12,338.36,1.34,4.26,-4.37,13.3,216.43,542,High,Up
C285,Q3,640.94,951.42,3.84,4.71,6.21,50.3,332.86,641,Medium,Down
C188,Q2,1672.82,292.29,3.47,4.95,10.27,22.25,265.89,472,High,Up
C082,Q2,4087.94,781.24,1.68,2.28,2.96,29.98,27.81,715,Low,Up
C002,Q2,3006.7,-87.98,2.77,4.96,14.31,28.58,476.4,402,High,Stable
C385,Q4,1998.5,125.19,0.82,1.2,19.29,47.49,396.37,459,High,Up
C303,Q2,2393.51,492.59,2.32,1.64,18.59,31.46,74.97,556,High,Up
C197,Q1,4280.01,1392.81,4.42,0.9,1.65,48.39,490.83,495,High,Up
C404,Q4,1733.02,441.33,2.16,1.72,0.66,9.04,368.58,690,Low,Stable
C011,Q4,4354.77,928.93,4.21,3.96,18.94,15.54,236.42,369,High,Up
C234,Q2,486.27,233.65,2.99,4.34,6.47,35.33,305.88,546,High,Up
C386,Q1,3895.15,15.96,1.04,4.01,0.21,57.09,53.81,628,Medium,Down
C195,Q4,4245.36,-100.49,2.95,3.34,12.67,9.11,280.43,457,High,Down
C471,Q3,950.0,319.2,2.58,2.81,2.11,7.37,37.29,354,High,Down
C119,Q4,2180.22,68.02,2.05,3.69,1.68,13.61,272.66,785,Low,Stable
C396,Q2,869.22,95.82,0.69,2.26,16.98,40.26,276.57,542,High,Up
C020,Q1,3547.69,1093.29,2.14,4.29,-0.94,26.94,437.28,652,Medium,Up
C261,Q2,2699.97,-173.08,0.46,3.55,-3.39,50.41,362.67,709,Low,Up
C293,Q3,3194.85,748.28,0.58,3.64,1.73,8.96,125.15,314,High,Down
C422,Q3,1022.61,445.08,2.14,2.91,10.17,15.8,444.27,446,High,Up
C256,Q3,1098.14,661.13,1.6,4.48,-1.92,21.5,286.83,789,Low,Stable
C222,Q2,255.41,756.81,4.64,1.63,6.79,39.47,303.39,324,High,Stable
C393,Q4,1644.23,332.73,1.94,2.22,10.68,42.68,84.91,632,Medium,Up
C226,Q2,2820.74,301.69,3.81,4.0,16.22,11.83,428.96,473,High,Stable
C053,Q1,4296.78,1046.78,2.7,2.72,0.75,56.91,465.52,589,Medium,Up
C428,Q4,3351.29,1281.17,3.55,4.5,15.43,23.76,387.61,444,High,Down
C355,Q3,2205.21,127.39,1.37,2.06,0.87,44.22,470.41,421,High,Stable
C500,Q2,4767.94,-34.05,4.72,2.16,11.92,33.83,151.5,326,High,Down
C342,Q3,3610.26,1326.25,2.7,4.5,5.77,17.25,430.63,365,High,Stable
C364,Q3,4654.32,394.82,4.17,2.59,-2.13,51.54,244.7,400,High,Down
C280,Q1,2661.56,737.24,1.89,2.82,12.86,50.0,82.38,687,Low,Stable
C081,Q4,1331.58,411.22,0.59,2.0,0.44,26.78,334.57,393,High,Stable
C202,Q1,311.49,13.86,3.4,1.75,-0.58,37.37,342.22,366,High,Up
C158,Q1,3644.12,801.86,0.14,3.45,3.96,19.18,143.82,549,High,Stable
C120,Q1,650.45,692.74,2.43,1.04,11.33,42.94,14.23,441,High,Stable
C059,Q3,1548.74,145.09,1.04,4.46,0.85,22.0,100.32,566,High,Down
C494,Q1,2685.73,568.18,3.17,4.01,-0.41,51.42,200.19,514,High,Down
C215,Q1,2843.86,1154.81,4.9,1.36,-4.75,16.96,84.2,788,Low,Stable
C128,Q4,3022.89,803.72,2.38,3.62,6.79,5.81,97.42,795,Low,Stable
C224,Q4,872.96,-35.24,4.11,3.21,5.72,19.77,196.0,779,Low,Up
C209,Q1,1929.7,731.64,2.59,1.33,0.85,15.51,480.91,789,Low,Down
C370,Q4,3105.11,994.66,2.53,1.73,-3.66,32.96,382.24,300,High,Stable
C115,Q4,4850.6,1147.6,4.66,2.34,5.73,16.2,160.21,308,High,Up
C209,Q1,3651.77,869.5,4.46,3.65,14.71,46.98,475.83,679,Low,Stable
C014,Q3,4616.89,59.52,3.95,3.37,12.88,18.28,323.0,443,High,Down
C009,Q1,3822.95,1007.29,1.55,2.9,16.52,43.88,228.0,601,Medium,Up
C040,Q4,2979.0,951.48,2.77,3.96,-4.76,36.82,234.42,716,Low,Up
C450,Q3,1000.52,-158.47,1.2,3.91,19.16,59.24,205.67,478,High,Stable
C237,Q2,3350.09,499.97,2.28,3.28,3.54,59.99,116.88,577,High,Up
C281,Q3,3135.73,366.02,2.47,4.04,19.76,52.82,193.62,443,High,Up
C359,Q4,3032.22,938.0,4.18,2.0,1.32,46.8,264.18,638,Medium,Down
C201,Q3,2474.44,167.43,4.49,4.47,6.79,26.26,264.25,758,Low,Down
C246,Q1,2666.85,804.48,2.13,3.27,3.85,46.43,380.99,630,Medium,Up
C278,Q2,1705.49,1352.45,0.19,4.2,3.89,57.62,179.72,569,High,Down
C235,Q2,2620.6,1156.26,4.32,2.96,16.06,6.29,358.54,486,High,Down
C494,Q2,1027.9,1366.48,0.95,1.48,13.66,34.59,289.26,471,High,Up
C004,Q4,4035.61,1463.46,3.15,2.94,19.8,16.99,480.94,703,Low,Down
C154,Q4,969.6,-181.86,0.22,2.17,10.34,35.68,192.95,767,Low,Down
C442,Q2,470.58,858.66,2.06,3.64,6.58,30.65,450.66,546,High,Up
C029,Q3,2209.42,501.83,4.93,2.64,-2.75,36.67,410.41,822,Low,Stable
C109,Q2,3308.62,1261.75,0.59,4.26,19.91,35.3,319.01,410,High,Down
C098,Q3,2216.7,228.08,2.18,3.55,8.79,57.81,327.43,602,Medium,Up
C215,Q3,1419.93,1467.75,1.61,3.58,12.51,35.37,42.78,772,Low,Up
C293,Q4,2812.95,843.3,4.53,1.48,5.17,51.54,475.14,591,Medium,Down
C075,Q3,1767.66,1149.01,4.36,4.93,8.69,22.59,53.91,551,High,Up
C326,Q2,4667.7,-54.48,1.26,4.29,18.56,29.1,281.84,474,High,Up
C146,Q4,4617.09,111.88,0.5,4.05,-0.84,30.87,165.37,408,High,Up
C128,Q1,2536.74,1089.29,3.17,1.99,2.31,20.33,215.21,639,Medium,Down
C341,Q1,1673.03,-162.62,1.75,2.91,-1.2,25.89,305.29,313,High,Up
C042,Q4,3698.81,1188.69,3.39,1.12,14.81,37.92,454.47,621,Medium,Stable
C356,Q2,231.73,-176.29,0.26,2.92,-3.45,36.91,229.05,342,High,Down
C041,Q1,2400.11,917.1,0.75,1.16,-2.96,40.0,493.87,760,Low,Stable
C422,Q1,1714.8,420.66,3.46,2.99,2.46,24.35,296.61,401,High,Down
C034,Q3,4606.65,839.54,1.14,3.42,7.85,22.37,80.7,308,High,Down
C017,Q3,109.41,983.25,4.3,2.26,5.16,38.64,95.41,448,High,Stable
C165,Q2,2786.43,382.21,0.39,2.74,-3.88,12.31,358.2,637,Medium,Down
C153,Q4,3716.28,-16.46,1.16,4.44,18.94,18.92,25.67,523,High,Up
C486,Q2,2450.84,-81.6,4.99,0.99,18.82,7.32,240.43,409,High,Down
C378,Q4,472.74,801.19,2.22,4.06,1.98,8.99,74.54,653,Medium,Stable
C076,Q1,4863.68,685.11,3.54,1.27,13.29,18.39,216.89,383,High,Down
C087,Q3,2614.15,1061.74,1.0,0.67,9.46,6.07,375.08,365,High,Up
C117,Q2,3090.22,666.55,3.09,1.34,0.94,18.5,229.68,687,Low,Up
C362,Q2,1221.22,518.16,3.66,3.94,1.55,41.02,82.14,434,High,Down
C342,Q4,2443.32,476.75,1.64,2.32,7.28,8.36,126.34,385,High,Up
C469,Q4,2174.29,-155.04,4.16,4.43,5.48,29.02,184.09,383,High,Stable
C027,Q2,420.73,370.45,3.06,2.86,2.28,55.22,35.25,526,High,Down
C313,Q4,575.49,1459.23,2.01,0.6,15.19,48.52,292.38,559,High,Up
C287,Q2,4195.49,1285.04,2.83,3.73,7.04,21.8,303.96,319,High,Up
C134,Q2,1237.11,359.94,2.93,1.0,11.37,55.86,31.54,334,High,Up
C219,Q2,1015.04,799.25,0.91,4.05,-0.27,23.13,201.45,742,Low,Up
C168,Q1,2549.31,1240.4,2.07,1.26,8.34,8.99,207.29,569,High,Stable
C098,Q4,3855.3,550.17,1.78,2.05,2.95,59.67,167.24,705,Low,Stable
C268,Q3,356.64,-169.47,2.06,3.93,8.16,52.85,279.09,807,Low,Stable
C237,Q3,2905.2,-73.33,3.83,4.79,14.52,30.63,173.31,603,Medium,Stable
C309,Q4,640.09,667.67,2.46,2.17,14.22,41.65,208.5,584,Medium,Down
C455,Q2,230.48,1448.05,4.71,4.23,3.86,41.92,398.86,847,Low,Stable
C394,Q3,311.08,978.46,1.54,1.36,12.36,15.7,81.47,328,High,Stable
C173,Q3,4179.11,-79.44,2.14,4.13,18.53,16.0,309.75,690,Low,Stable
C401,Q4,633.96,121.91,3.96,3.46,10.64,30.83,253.04,715,Low,Stable
C410,Q3,273.5,1111.25,2.78,1.37,-1.29,55.14,152.88,441,High,Down
C469,Q2,2217.6,1230.45,2.78,1.86,11.99,5.55,363.9,640,Medium,Up
C476,Q4,4227.77,850.08,0.36,1.09,-2.38,48.04,275.82,544,High,Down
C190,Q2,1348.92,895.52,2.05,2.22,16.8,8.16,238.94,304,High,Down
C122,Q3,2137.48,-151.83,1.43,1.42,7.92,31.3,334.0,748,Low,Down
C046,Q3,247.62,1208.5,5.0,3.4,4.63,40.08,401.24,565,High,Stable
C064,Q2,2272.94,1140.07,1.61,4.98,-3.57,42.77,486.35,790,Low,Stable
C130,Q1,2909.18,240.36,4.43,0.55,4.52,8.22,314.86,538,High,Down
C310,Q3,2875.99,1004.75,3.41,2.93,17.58,28.02,437.28,549,High,Up
C363,Q1,1695.51,165.25,1.77,3.08,-4.48,37.11,1.05,590,Medium,Up
C193,Q3,1611.89,-131.44,2.76,4.61,6.87,8.63,265.35,842,Low,Up
C307,Q1,577.79,141.93,4.22,2.78,18.28,12.43,107.72,378,High,Up
C181,Q1,1865.65,103.67,4.43,2.95,4.87,41.5,47.55,820,Low,Down
C292,Q1,542.5,374.17,0.89,2.62,5.7,33.69,266.22,749,Low,Up
C371,Q2,3844.65,511.36,1.76,1.71,9.46,13.9,373.54,443,High,Up
C282,Q1,4833.06,664.52,1.74,0.75,6.57,34.44,206.43,419,High,Down
C029,Q1,4851.87,610.48,0.31,2.34,-0.78,55.2,335.22,475,High,Stable
C149,Q1,4332.1,260.15,3.03,0.74,-4.54,5.86,245.11,369,High,Up
C267,Q3,3023.92,-150.41,4.29,2.98,10.25,40.34,218.82,502,High,Stable
C296,Q1,3519.29,828.67,1.97,1.88,18.02,9.05,145.48,479,High,Up
C011,Q3,1461.77,472.77,3.73,2.9,-2.34,5.35,191.61,409,High,Up
C164,Q1,3172.31,307.74,3.18,1.1,0.27,13.29,175.22,723,Low,Down
C113,Q1,2305.47,1273.8,1.94,4.7,4.26,28.26,323.27,802,Low,Stable
C187,Q2,2435.99,1069.46,0.79,4.53,15.22,49.13,58.45,705,Low,Down
C295,Q3,3800.99,1258.2,3.58,1.35,1.73,20.5,46.77,390,High,Down
C232,Q1,1445.5,641.47,4.29,2.05,17.05,39.41,330.18,593,Medium,Stable
C227,Q3,1624.3,22.58,3.46,3.26,-3.63,27.61,273.38,692,Low,Stable
C310,Q3,4626.98,983.58,0.19,0.93,18.52,17.89,215.38,336,High,Up
C098,Q4,328.31,150.33,1.16,2.1,9.02,33.28,76.65,816,Low,Stable
C055,Q2,2453.89,550.09,0.44,1.63,11.47,48.86,205.81,615,Medium,Stable
C111,Q2,4568.36,-89.5,2.89,4.62,4.19,50.79,394.97,471,High,Stable
C152,Q2,3071.3,1203.02,3.81,4.34,14.55,51.56,444.87,705,Low,Stable
C246,Q4,2754.72,14.1,0.64,3.11,-0.84,23.62,351.44,561,High,Down
C406,Q4,1286.23,1335.27,4.21,2.84,-3.78,48.64,30.43,783,Low,Up
C069,Q2,1749.21,1269.19,2.82,4.69,4.89,16.67,335.37,326,High,Down
C312,Q4,4267.64,589.79,3.48,4.7,16.34,45.61,120.87,794,Low,Down
C289,Q4,2818.13,1065.43,4.86,4.86,13.87,57.16,157.97,354,High,Stable
C250,Q4,2597.97,853.06,0.51,1.06,7.93,5.76,98.34,548,High,Stable
C036,Q2,542.92,1165.23,4.52,1.22,9.3,29.22,387.99,572,High,Stable
C239,Q2,129.34,534.07,0.72,3.55,-1.75,40.63,324.48,558,High,Stable
C148,Q2,4820.24,1135.87,2.03,2.94,16.02,43.6,306.11,490,High,Up
C467,Q4,1916.08,586.18,4.27,0.58,14.67,14.68,334.15,745,Low,Stable
C227,Q2,3035.9,1399.64,4.54,0.78,11.41,58.47,118.77,801,Low,Up
C244,Q4,444.59,626.83,2.58,4.5,6.65,38.84,222.6,692,Low,Up
C491,Q1,3431.42,586.45,3.01,4.41,19.11,14.04,316.81,707,Low,Down
C337,Q4,4666.21,1134.62,3.57,2.11,16.98,6.13,318.48,408,High,Down
C446,Q3,2899.54,1196.68,4.18,4.51,11.11,48.08,396.03,402,High,Stable
C365,Q2,674.27,742.63,0.7,3.17,4.3,9.38,143.91,525,High,Down
C491,Q2,2929.52,105.66,4.07,4.13,10.45,12.76,385.28,652,Medium,Stable
C482,Q3,3843.42,595.19,2.46,2.42,9.39,36.62,220.37,459,High,Up
C201,Q4,2061.76,1445.72,2.31,1.01,4.86,38.19,335.25,703,Low,Stable
C154,Q1,4405.2,1080.08,2.18,2.45,2.67,42.78,228.13,623,Medium,Stable
C450,Q3,3260.98,1178.98,2.6,2.56,5.18,26.64,474.33,444,High,Stable
C073,Q3,4501.28,-144.2,4.73,2.98,9.35,47.56,90.06,764,Low,Up
C201,Q4,3136.35,595.36,2.79,0.98,5.7,58.59,337.67,431,High,Stable
C296,Q2,699.88,899.26,4.77,4.96,1.59,19.91,288.48,392,High,Down
C017,Q4,1582.97,1211.06,0.98,1.6,14.02,43.67,86.78,572,High,Stable
C129,Q3,1048.88,-116.23,3.65,1.39,8.29,56.07,33.47,833,Low,Down
C217,Q3,4548.69,1249.15,4.08,2.87,-3.31,42.75,399.67,493,High,Up
C061,Q2,3813.98,732.28,3.43,2.92,4.21,42.46,79.15,469,High,Up
C427,Q2,3398.17,135.43,3.07,2.48,17.12,17.31,93.66,759,Low,Up
C104,Q2,1539.78,339.33,2.87,3.97,13.88,34.43,489.23,310,High,Stable
C042,Q4,961.02,279.28,4.32,2.82,3.08,35.94,358.77,480,High,Down
C025,Q2,3794.43,702.46,4.13,3.24,18.45,43.51,125.62,531,High,Stable
C039,Q3,2397.08,-112.13,0.7,3.76,-3.08,59.83,295.68,328,High,Down
C291,Q3,1167.66,69.51,4.26,0.61,19.03,6.85,267.29,831,Low,Stable
C131,Q1,3102.28,1181.58,2.13,3.07,1.14,8.59,422.31,304,High,Up
C498,Q4,249.65,25.43,1.34,4.48,-4.77,9.29,364.8,845,Low,Up
C229,Q1,1664.54,196.77,4.36,0.58,5.85,45.86,415.94,439,High,Stable
C108,Q3,2369.36,570.73,2.22,2.32,3.97,12.5,106.15,327,High,Stable
C172,Q1,782.39,679.11,4.06,4.67,8.48,39.23,320.29,397,High,Down
C435,Q3,4924.04,1098.14,1.39,2.09,14.92,22.86,20.6,561,High,Up
C478,Q1,1085.03,560.47,0.12,2.56,16.06,30.15,34.94,318,High,Up
C102,Q2,695.25,1142.77,2.53,4.92,5.03,16.86,356.91,311,High,Down
C354,Q1,1057.5,851.19,0.59,1.4,5.75,52.64,12.7,836,Low,Down
C012,Q2,3856.85,-7.73,3.8,0.79,-1.3,37.24,290.09,824,Low,Down
C275,Q2,2156.25,65.76,1.45,4.37,-3.81,56.95,420.28,764,Low,Down
C101,Q4,2848.81,542.96,2.27,4.41,11.03,36.6,190.28,558,High,Down
C044,Q2,154.0,474.71,0.53,2.62,-3.39,11.81,22.9,323,High,Up
C443,Q2,220.43,1064.03,1.5,2.81,13.35,14.4,357.07,307,High,Down
C305,Q1,2256.84,787.25,3.93,4.26,8.48,59.4,464.88,527,High,Stable
C445,Q3,4092.44,459.83,0.84,3.82,-0.04,44.91,358.73,675,Low,Up
C017,Q4,4431.93,90.29,3.27,1.69,8.49,7.71,289.43,422,High,Up
C330,Q2,479.2,185.62,4.6,0.58,-0.43,43.71,115.4,389,High,Up
C057,Q4,2714.9,778.35,3.43,2.66,5.97,27.67,8.18,755,Low,Stable
C311,Q1,4570.49,519.85,4.07,4.37,14.99,21.9,347.49,523,High,Down
C497,Q2,1970.47,675.38,0.63,4.53,6.55,13.47,115.9,556,High,Down
C303,Q1,4156.35,90.15,1.33,4.8,-1.28,51.19,429.15,814,Low,Down
C012,Q4,711.79,926.94,4.48,4.46,13.1,8.51,233.45,447,High,Stable
C318,Q1,4680.2,1249.32,3.6,3.11,-0.33,20.94,265.55,686,Low,Down
C080,Q4,3769.55,238.5,3.23,2.5,13.46,21.85,377.09,737,Low,Up
C216,Q1,4709.61,635.57,3.35,3.99,6.98,13.85,389.83,336,High,Down
C339,Q4,3399.26,1458.4,2.13,3.83,6.34,32.95,321.5,405,High,Stable
C264,Q3,1848.85,366.51,0.32,2.92,16.29,5.64,469.25,531,High,Down
C479,Q1,4694.0,811.58,3.94,0.89,12.72,21.55,491.16,445,High,Up
C149,Q1,1414.06,-46.67,3.43,4.67,-4.18,56.35,473.47,316,High,Stable
C081,Q3,1694.25,830.23,2.42,2.55,2.4,22.08,412.18,458,High,Stable
C215,Q3,3519.0,-47.63,4.51,2.14,16.77,24.83,352.96,581,Medium,Stable
C485,Q1,3838.32,1430.7,1.75,3.33,-4.54,31.02,331.83,577,High,Up
C374,Q3,4650.55,1016.63,1.54,3.53,8.63,35.89,52.32,424,High,Up
C464,Q2,1063.77,1139.87,4.38,1.45,13.2,49.48,136.11,719,Low,Down
C198,Q4,4000.09,996.98,4.01,4.27,10.55,15.47,3.34,619,Medium,Stable
C200,Q4,3705.8,802.54,2.62,1.8,14.01,52.95,69.14,781,Low,Stable
C025,Q4,365.78,564.85,0.74,1.34,13.14,46.67,219.9,623,Medium,Stable
C466,Q2,1966.75,1259.23,1.15,2.33,12.3,44.75,73.7,694,Low,Stable
C089,Q3,1449.69,1426.62,3.32,3.79,15.54,9.77,450.88,485,High,Stable
C268,Q3,1557.23,648.36,1.99,4.84,11.14,6.19,402.95,765,Low,Up
C143,Q1,4915.59,1383.61,4.2,4.14,5.06,37.67,36.27,356,High,Up
C059,Q3,3231.75,791.67,4.75,4.73,6.8,52.47,124.83,757,Low,Up
C410,Q1,3602.5,715.25,4.05,1.13,12.92,37.14,409.63,507,High,Up
C489,Q2,4884.26,572.62,1.95,0.82,16.91,16.73,401.62,373,High,Up
C365,Q4,1917.15,155.79,3.96,3.01,1.81,9.98,472.75,783,Low,Stable
C026,Q4,4019.11,-193.68,1.82,1.81,3.55,43.48,498.78,384,High,Up
C047,Q4,2200.93,210.56,0.92,4.23,18.27,44.7,488.15,313,High,Stable
C288,Q3,4354.19,666.53,0.26,3.52,9.46,14.49,205.36,348,High,Stable
C266,Q1,944.25,445.93,1.99,4.87,-0.53,6.55,125.54,725,Low,Up
C016,Q1,4741.05,562.42,4.53,1.65,11.59,27.46,379.33,658,Medium,Up
C199,Q2,1132.92,1467.1,1.27,2.69,19.77,37.05,149.99,541,High,Up
C401,Q3,1664.79,395.46,1.11,2.76,15.59,43.83,403.3,352,High,Up
C407,Q2,3793.15,568.71,4.85,1.58,13.64,49.55,267.21,368,High,Down
C282,Q1,1999.09,26.98,0.22,3.16,0.2,38.58,397.07,355,High,Down
C469,Q1,3060.65,-118.47,3.95,2.49,16.9,11.1,138.3,755,Low,Down
C086,Q4,2250.64,1118.2,1.67,2.51,8.14,42.54,254.26,554,High,Up
C250,Q3,3724.73,770.16,0.28,2.13,17.23,59.13,282.23,304,High,Down
C391,Q1,1180.24,1093.2,4.6,0.58,3.25,54.81,471.58,351,High,Down
C270,Q4,339.37,54.77,0.78,2.85,-3.45,52.94,133.67,628,Medium,Up
C335,Q3,1534.65,772.11,2.8,2.01,6.9,21.62,468.38,397,High,Up
C117,Q2,2397.83,231.19,1.44,0.51,1.75,46.29,402.53,460,High,Stable
C007,Q3,881.7,187.71,0.42,1.89,12.88,51.81,365.58,705,Low,Up
C137,Q3,1806.25,-180.41,0.34,1.75,18.93,42.31,393.54,626,Medium,Stable
C371,Q1,2029.92,21.58,0.67,2.27,12.27,18.78,302.91,542,High,Up
C176,Q1,334.09,325.76,0.45,1.09,17.17,57.46,122.42,803,Low,Up
C328,Q3,2937.37,-1.31,3.83,2.78,6.33,29.8,95.15,666,Medium,Down
C498,Q1,4427.5,1475.96,2.48,3.62,14.29,12.14,433.24,741,Low,Stable
C315,Q1,801.13,324.68,1.78,3.34,16.08,11.04,362.71,453,High,Stable
C215,Q1,3009.15,21.55,2.15,4.12,12.77,40.61,107.0,533,High,Up
C477,Q4,3340.46,138.44,4.65,2.53,7.69,29.07,307.74,632,Medium,Stable
C082,Q4,2125.71,799.1,4.56,2.84,10.65,10.2,224.05,794,Low,Down
C223,Q3,3520.43,-91.13,3.61,4.15,12.51,45.72,79.75,414,High,Up
C478,Q1,2083.12,1266.14,4.43,2.42,1.33,48.96,266.16,668,Medium,Up
C372,Q4,2547.95,1434.55,1.67,3.66,15.24,44.9,141.12,632,Medium,Down
C423,Q3,86.4,219.47,1.97,2.46,18.76,16.12,48.57,429,High,Down
C483,Q1,3474.01,565.16,3.11,2.38,6.63,42.94,233.75,477,High,Up
C402,Q2,3323.65,-162.37,3.16,3.92,12.53,5.59,295.26,394,High,Stable
C443,Q1,240.08,889.21,2.46,1.29,13.43,21.78,23.93,616,Medium,Stable
C490,Q1,1872.84,503.67,2.06,2.02,11.56,26.94,201.35,400,High,Stable
C103,Q4,4896.21,259.1,4.93,1.51,8.68,50.94,129.2,495,High,Down
C273,Q3,2132.65,151.62,4.12,2.12,17.04,26.47,15.81,507,High,Down
C014,Q3,2534.63,911.84,2.23,1.54,6.22,5.62,63.27,772,Low,Up
C159,Q4,4554.15,507.57,3.66,3.11,-3.47,24.38,69.95,307,High,Down
C152,Q1,3600.45,105.42,1.42,4.09,16.11,32.44,91.85,435,High,Stable
C483,Q2,2931.25,971.49,0.59,4.04,11.85,57.2,401.79,560,High,Down
C108,Q1,3999.13,760.62,1.83,2.14,16.23,56.76,220.03,446,High,Up
C188,Q1,4328.61,1259.74,2.07,4.95,-1.54,14.95,73.97,757,Low,Up
C301,Q2,2311.6,-0.29,0.18,3.17,-4.23,15.18,50.6,737,Low,Stable
C098,Q4,2401.79,1135.63,4.09,2.3,18.36,13.99,149.32,712,Low,Up
C131,Q3,1960.95,944.98,1.86,4.26,-1.31,48.39,399.11,799,Low,Stable
C293,Q4,4835.2,-4.48,2.94,3.78,15.24,5.33,182.55,531,High,Down
C171,Q4,3500.97,981.2,0.46,3.87,15.58,11.99,80.37,400,High,Down
C424,Q1,461.95,550.63,0.96,1.38,12.72,34.59,202.36,446,High,Stable
C474,Q3,4321.65,1406.47,4.46,2.61,-1.72,18.62,277.88,806,Low,Up
C183,Q3,2428.77,40.74,3.08,4.38,11.68,10.08,15.28,403,High,Down
C471,Q4,390.33,892.82,4.76,2.77,17.23,24.79,314.01,635,Medium,Up
C364,Q2,2771.1,449.37,4.99,3.58,5.64,20.08,197.85,745,Low,Down
C039,Q4,2114.96,1426.58,1.92,3.15,5.34,33.11,5.36,743,Low,Up
C015,Q2,4394.86,360.96,1.56,4.29,6.07,58.86,337.11,417,High,Up
C376,Q3,1059.77,1435.72,4.31,1.78,-2.94,11.84,356.34,816,Low,Stable
C497,Q4,4141.0,1332.53,4.99,3.09,17.3,25.5,314.61,830,Low,Down
C004,Q1,2810.56,259.65,3.19,1.05,16.73,56.26,171.29,387,High,Up
C349,Q4,320.32,1166.02,4.0,3.61,19.95,53.23,265.04,775,Low,Down
C470,Q3,4860.63,1492.53,3.93,3.79,9.63,26.68,193.89,784,Low,Down
C409,Q1,2587.45,229.53,1.84,0.69,13.78,43.44,350.46,594,Medium,Down
C397,Q1,1489.84,542.52,2.91,3.54,0.07,9.83,292.0,680,Low,Stable
C210,Q2,2373.56,684.31,4.18,2.37,11.69,44.19,41.36,582,Medium,Stable
C161,Q1,4296.4,301.38,3.47,1.06,11.24,58.51,321.73,455,High,Up
C016,Q1,1559.27,-174.05,0.2,2.39,17.53,34.56,343.78,479,High,Down
C493,Q4,1003.75,174.22,1.75,1.37,15.77,32.42,185.67,386,High,Up
C426,Q3,688.9,279.29,0.81,2.37,18.46,15.3,437.95,705,Low,Up
C108,Q2,1524.4,554.12,1.24,2.23,16.72,39.86,421.59,795,Low,Stable
C382,Q4,3911.24,90.87,4.54,3.82,16.72,37.47,88.0,566,High,Down
C450,Q1,2384.55,1284.53,0.28,3.98,-3.41,40.86,452.18,363,High,Stable
C311,Q1,1176.03,998.35,1.18,3.23,16.15,6.43,220.72,418,High,Up
C227,Q2,872.62,-55.16,1.62,0.6,10.19,35.18,362.01,640,Medium,Up
C170,Q3,1697.01,905.16,3.12,4.69,4.51,37.72,407.14,612,Medium,Up
C034,Q2,4702.63,911.22,2.72,3.59,-3.59,16.41,252.8,462,High,Up
C414,Q4,1747.98,1425.58,1.17,0.65,11.94,16.46,199.85,804,Low,Stable
C251,Q2,4941.21,-194.86,0.9,4.18,3.21,20.19,457.77,592,Medium,Down
C247,Q1,2451.89,221.49,1.26,1.4,6.69,44.14,115.81,676,Low,Down
C269,Q4,936.86,1377.25,2.56,3.11,12.04,38.34,128.86,841,Low,Down
C141,Q1,4461.14,1384.63,1.43,2.6,17.79,51.52,181.13,700,Low,Stable
C274,Q3,2328.76,1025.0,4.74,2.39,15.64,21.26,429.8,699,Low,Stable
C416,Q1,3562.87,1101.8,2.37,4.5,6.26,55.16,469.42,698,Low,Down
C096,Q1,4919.37,-44.48,0.39,2.47,4.69,45.9,110.42,786,Low,Stable
C227,Q2,298.37,673.59,3.67,0.84,0.99,26.73,432.0,814,Low,Down
C379,Q1,528.64,193.69,1.71,4.76,4.31,10.24,129.47,323,High,Stable
C039,Q4,3616.26,108.07,3.3,4.64,-2.22,19.13,485.34,358,High,Stable
C302,Q4,1445.03,1177.52,1.47,3.58,19.28,57.62,298.91,539,High,Up
C500,Q3,962.29,29.56,2.9,2.61,9.35,22.07,4.04,610,Medium,Down
C029,Q4,244.84,596.71,3.88,0.92,-1.8,23.14,17.55,620,Medium,Stable
C446,Q2,158.14,1395.58,4.65,4.06,3.82,15.43,74.17,780,Low,Down
C497,Q3,3883.7,115.91,1.38,0.84,8.68,49.38,94.19,713,Low,Stable
C477,Q4,715.45,1462.59,1.74,0.81,8.32,20.16,383.93,621,Medium,Up
C318,Q2,2365.22,1490.29,2.37,2.92,-4.11,23.16,111.77,701,Low,Down
C245,Q4,3049.19,744.55,4.64,1.22,18.77,27.79,484.59,358,High,Stable
C236,Q4,2170.34,89.24,4.52,0.53,1.88,28.86,318.24,352,High,Down
C185,Q1,184.18,337.38,0.54,2.4,-4.6,27.62,346.41,363,High,Down
C272,Q4,3928.33,521.64,0.75,1.12,-3.09,32.71,109.3,418,High,Up
C440,Q4,102.04,325.85,2.53,1.22,9.5,49.8,446.41,585,Medium,Up
C236,Q2,3821.35,277.08,0.62,0.85,-1.56,50.06,334.07,317,High,Down
C239,Q2,4471.86,1452.79,1.79,1.42,-3.96,48.91,432.27,304,High,Stable
C377,Q1,2192.56,60.72,0.83,3.72,4.49,10.56,478.26,691,Low,Stable
C266,Q4,2700.94,1046.66,3.22,4.14,10.57,48.98,63.26,459,High,Down
C414,Q1,2411.07,-199.3,4.75,2.54,-2.2,11.61,48.75,441,High,Stable
C409,Q4,1976.58,813.51,4.98,2.78,2.83,11.86,401.8,696,Low,Stable
C359,Q3,4442.75,1357.1,1.94,0.65,5.44,57.13,433.13,317,High,Stable
C340,Q3,4474.97,289.49,3.04,0.81,-1.01,50.07,292.09,413,High,Stable
C389,Q1,1712.29,115.39,4.3,1.66,7.65,35.38,183.32,833,Low,Down
C065,Q1,3094.6,907.86,0.68,2.95,-2.87,53.12,326.49,831,Low,Down
C478,Q1,4638.19,1011.42,3.48,3.83,-3.84,59.42,153.18,760,Low,Up
C177,Q2,4812.19,969.65,2.1,3.22,8.0,38.59,119.57,585,Medium,Stable
C003,Q2,2569.35,342.84,1.11,2.26,1.2,38.71,244.33,304,High,Up
C429,Q2,2291.48,228.74,2.07,1.03,-2.62,46.49,108.47,428,High,Up
C142,Q1,1429.54,1425.06,0.47,4.01,5.6,17.77,242.11,798,Low,Down
C376,Q4,4796.42,1369.61,3.51,2.14,17.88,14.19,478.32,575,High,Stable
C158,Q3,756.93,577.44,1.34,3.81,13.1,46.78,419.97,382,High,Stable
C498,Q1,2920.16,1238.53,1.63,2.81,15.39,23.97,470.84,417,High,Up
C324,Q2,1448.62,568.95,0.69,3.82,16.8,12.43,403.26,328,High,Stable
C146,Q2,1431.09,521.46,4.34,4.58,19.32,22.32,177.7,657,Medium,Stable
C446,Q1,2054.59,66.5,2.52,4.64,14.08,24.73,406.12,456,High,Down
C293,Q1,4994.03,524.89,2.9,2.91,10.21,58.09,461.5,330,High,Down
C153,Q2,322.08,713.61,2.89,2.8,4.14,43.39,473.54,585,Medium,Down
C432,Q4,2913.78,-161.74,2.11,1.7,-0.46,34.2,341.76,635,Medium,Up
C193,Q2,458.73,554.99,1.04,4.71,12.17,58.29,106.08,612,Medium,Stable
C437,Q2,814.88,1128.31,3.75,2.56,19.87,54.67,20.34,422,High,Stable
C494,Q1,2225.84,956.08,0.72,1.07,6.68,33.16,74.03,670,Low,Stable
C463,Q4,2576.78,879.77,0.61,2.45,13.09,54.81,482.79,613,Medium,Down
C073,Q2,1331.02,1346.24,3.58,1.07,7.38,27.24,231.32,327,High,Stable
C399,Q2,1616.46,-169.35,1.12,2.76,5.8,17.67,427.57,454,High,Up
C305,Q3,480.49,746.98,1.6,3.03,5.26,17.8,232.79,529,High,Up
C377,Q1,1550.94,1138.49,2.43,2.02,7.62,41.43,330.58,848,Low,Up
C344,Q3,4834.46,720.27,2.3,0.82,4.17,32.56,12.56,305,High,Stable
C452,Q3,4726.3,350.62,3.57,4.75,13.72,41.24,125.31,772,Low,Stable
C140,Q2,1707.65,31.63,3.15,3.98,16.86,42.73,218.42,617,Medium,Down
C187,Q1,2875.73,1308.86,3.26,4.27,17.07,6.23,315.5,524,High,Down
C293,Q4,4552.5,600.3,3.6,2.15,0.69,7.97,86.17,332,High,Up
C061,Q2,80.61,1292.8,1.53,3.92,17.4,34.3,382.39,388,High,Up
C485,Q4,4062.88,795.95,1.68,2.68,3.54,15.51,182.52,633,Medium,Up
C427,Q4,4744.43,946.13,2.25,1.4,2.73,39.79,408.81,339,High,Down
C380,Q1,502.06,1167.24,1.61,1.06,13.17,35.37,49.44,674,Low,Stable
C198,Q3,849.17,920.56,4.93,2.05,2.62,37.22,340.04,597,Medium,Stable
C295,Q1,4805.69,476.69,4.09,1.12,-3.68,21.64,147.02,692,Low,Up
C440,Q4,2710.82,673.18,0.91,4.99,4.34,40.19,397.79,317,High,Up
C319,Q2,120.27,1165.18,0.13,0.72,13.04,50.62,201.38,826,Low,Stable
C302,Q4,1325.28,435.21,0.31,2.49,3.17,59.89,332.84,431,High,Up
C344,Q2,2277.22,459.81,1.3,2.53,10.74,51.11,467.19,589,Medium,Up
C011,Q2,3479.9,-37.33,0.66,1.85,11.5,35.66,10.8,508,High,Up
C062,Q1,3679.14,1354.79,2.71,3.07,13.34,15.64,6.05,626,Medium,Down
C333,Q4,4977.34,-45.24,4.3,1.17,17.43,42.48,385.25,802,Low,Up
C226,Q3,1473.18,901.96,3.71,4.03,5.81,56.57,323.37,578,High,Up
C153,Q4,2714.19,502.43,1.16,2.0,-0.84,16.65,146.84,681,Low,Down
C199,Q4,2689.95,489.55,2.06,3.16,2.97,19.08,247.45,608,Medium,Up
C052,Q3,2057.94,955.24,2.59,3.72,5.8,13.2,21.45,576,High,Up
C260,Q1,887.35,-85.94,4.07,4.5,12.85,45.52,96.63,375,High,Stable
C059,Q4,4888.41,809.3,4.21,4.26,-4.67,27.36,212.54,597,Medium,Stable
C072,Q4,4273.92,1112.45,4.56,3.24,2.89,8.45,417.11,677,Low,Up
C148,Q2,2516.75,1207.96,2.6,2.25,14.5,53.12,240.09,732,Low,Up
C349,Q4,3036.06,89.9,3.5,2.76,11.77,35.67,293.39,411,High,Up
C063,Q3,1174.94,1325.61,0.65,3.96,13.29,23.21,436.94,371,High,Down
C310,Q2,2741.75,915.45,2.87,4.45,15.3,23.92,154.76,616,Medium,Stable
C373,Q1,3490.1,1299.15,1.32,0.97,14.58,20.96,350.5,320,High,Up
C243,Q2,2600.08,624.98,2.22,2.23,12.05,30.05,430.9,487,High,Down
C493,Q3,4951.91,721.46,3.21,3.99,5.99,23.54,101.71,420,High,Up
C366,Q3,3076.14,1362.37,1.36,2.44,19.59,35.14,178.56,641,Medium,Down
C330,Q2,1886.32,1329.85,0.36,2.0,9.23,47.54,489.92,603,Medium,Up
C107,Q1,3872.15,561.87,0.15,2.35,0.07,42.1,491.62,746,Low,Stable
C226,Q2,893.79,266.5,0.21,3.21,2.32,21.2,112.0,795,Low,Down
C313,Q1,1953.35,468.39,0.14,5.0,12.34,34.08,33.69,820,Low,Up
C218,Q2,1767.45,459.2,0.64,2.72,18.12,51.21,135.83,484,High,Stable
C425,Q3,2187.45,287.67,1.27,1.44,-0.53,8.75,199.17,631,Medium,Up
C241,Q4,3919.81,256.59,1.18,1.23,-2.94,9.31,220.78,649,Medium,Up
C259,Q4,2446.66,1263.81,4.94,0.69,17.04,35.59,309.59,619,Medium,Stable
C376,Q1,3980.37,-81.23,1.6,3.01,17.88,40.15,449.8,836,Low,Up
C262,Q1,2903.62,951.94,0.72,2.95,1.91,16.63,165.51,711,Low,Stable
C005,Q1,1743.24,93.79,2.77,1.42,4.43,45.99,425.07,455,High,Down
C261,Q3,4059.39,385.66,4.3,3.63,11.5,40.54,47.19,832,Low,Stable
C054,Q2,1229.53,-95.38,3.42,3.83,3.25,55.78,21.42,801,Low,Stable
C047,Q3,1160.7,258.96,1.55,1.67,16.93,14.29,252.27,785,Low,Up
C215,Q4,2547.29,1106.32,2.85,2.05,-2.31,46.33,30.3,453,High,Stable
C177,Q1,1341.2,1304.53,3.6,4.96,-4.05,9.6,196.55,367,High,Up
C009,Q2,94.98,176.6,3.67,2.18,0.21,36.09,448.44,791,Low,Down
C099,Q4,3259.07,588.03,3.37,3.92,2.15,35.35,121.12,340,High,Down
C020,Q4,2579.91,599.55,4.37,2.54,-2.18,26.36,353.13,826,Low,Stable
C378,Q4,2255.31,1285.08,4.36,4.07,-3.36,51.45,151.53,468,High,Stable
C241,Q3,4836.49,1096.76,2.94,3.96,13.89,5.24,22.94,411,High,Stable
C061,Q1,2877.44,672.23,2.21,3.5,-0.89,33.61,278.57,762,Low,Stable
C379,Q4,4323.99,940.27,3.24,4.35,17.85,16.94,417.51,351,High,Stable
C490,Q1,740.28,1240.5,4.11,4.73,4.2,45.89,205.03,554,High,Down
C419,Q3,2867.57,-183.78,0.13,3.11,11.77,7.37,308.84,457,High,Stable
C178,Q4,4346.5,484.91,4.96,1.57,0.64,50.74,450.06,599,Medium,Stable
C338,Q3,2936.37,1342.31,1.0,2.29,1.01,51.1,394.95,726,Low,Stable
C062,Q3,3604.17,1058.53,2.4,3.91,9.37,50.81,97.34,606,Medium,Stable
C145,Q1,1891.62,722.83,4.37,3.43,9.02,13.39,366.83,398,High,Up
C216,Q4,507.63,700.4,1.2,1.3,14.22,39.67,251.2,420,High,Up
C003,Q3,2316.61,391.21,2.44,0.73,13.95,5.79,373.11,329,High,Stable
C160,Q4,2002.67,684.88,0.75,3.57,11.77,51.64,247.51,529,High,Up
C227,Q1,4341.95,914.15,2.04,1.63,6.23,44.76,64.42,553,High,Down
C486,Q3,1257.78,511.22,0.97,2.75,17.27,34.21,285.17,703,Low,Stable
C269,Q1,4835.33,1014.06,1.88,3.86,10.56,45.18,246.32,793,Low,Up
C120,Q4,4792.78,1264.09,1.93,3.03,19.75,10.19,259.2,330,High,Stable
C381,Q4,1275.78,62.96,4.97,0.87,15.48,34.08,439.51,461,High,Stable
C495,Q1,1772.86,567.63,4.97,1.34,-3.89,21.02,447.47,731,Low,Up
C089,Q2,4483.0,493.63,0.66,1.49,3.01,58.49,227.04,455,High,Stable
C329,Q3,4834.78,968.69,3.66,1.66,9.3,52.14,228.14,622,Medium,Up
C068,Q4,2245.02,224.77,0.35,3.04,13.04,45.33,257.84,490,High,Stable
C398,Q4,1638.94,888.43,0.25,2.77,8.76,56.36,260.03,475,High,Down
C357,Q3,2654.17,1291.73,0.62,1.41,14.65,24.08,475.22,816,Low,Stable
C098,Q1,3454.46,510.82,4.83,0.8,2.07,54.55,324.88,823,Low,Up
C267,Q1,1403.7,1348.73,4.71,1.27,-0.4,22.89,139.09,638,Medium,Down
C105,Q1,3695.54,1488.38,1.05,4.93,-3.65,45.3,266.0,618,Medium,Stable
C440,Q2,305.7,-19.64,0.89,2.61,9.33,45.5,313.8,410,High,Up
C323,Q2,294.01,196.19,1.28,4.4,12.21,6.01,320.07,772,Low,Stable
C123,Q4,1962.12,1415.65,2.63,4.32,3.15,24.86,292.83,316,High,Stable
C476,Q1,1799.69,1429.16,2.89,2.8,10.34,6.07,89.28,519,High,Down
C029,Q3,1612.38,-33.9,1.19,3.68,-3.7,59.84,17.28,786,Low,Stable
C137,Q4,2480.55,-174.5,3.81,1.37,-2.52,11.72,169.25,604,Medium,Down
C195,Q3,1637.63,73.87,1.62,3.6,12.54,34.85,214.05,816,Low,Down
C409,Q4,1001.68,1493.22,4.62,1.73,4.2,48.48,31.37,428,High,Up
C226,Q2,1581.87,106.0,3.32,4.24,11.78,16.07,407.58,323,High,Down
C332,Q4,4875.78,654.33,2.24,0.88,15.79,31.68,172.37,840,Low,Down
C170,Q2,2085.01,1242.31,3.97,3.98,16.32,38.41,456.86,431,High,Down
C009,Q4,2251.33,-165.32,4.11,0.95,-0.7,13.81,77.63,620,Medium,Up
C463,Q1,2903.9,827.63,1.52,4.47,7.16,47.82,28.94,796,Low,Up
C040,Q3,4917.54,270.94,1.76,1.87,13.35,21.46,241.42,681,Low,Stable
C025,Q1,1245.93,1265.97,4.69,3.44,14.35,16.61,94.97,515,High,Up
C261,Q4,3422.35,281.88,0.91,2.69,14.62,35.71,468.73,842,Low,Down
C395,Q4,3594.12,967.48,0.31,2.15,0.7,27.57,5.65,310,High,Up
C443,Q4,3056.26,946.17,2.32,3.4,-0.19,55.62,206.6,381,High,Down
C226,Q2,488.46,176.54,4.03,4.76,9.75,53.4,463.41,455,High,Stable
C472,Q3,3400.52,-140.84,3.88,0.69,13.53,31.58,192.52,465,High,Stable
C124,Q3,367.27,495.72,4.61,4.63,2.98,24.76,47.01,507,High,Up
C463,Q4,3000.91,291.63,2.71,3.24,-2.38,22.9,151.8,323,High,Up
C038,Q4,3710.93,1175.26,0.59,4.13,12.92,19.72,249.26,631,Medium,Stable
C328,Q2,1094.3,1160.62,2.98,2.23,2.49,34.95,92.98,818,Low,Stable
C251,Q1,4216.03,576.94,3.91,2.62,-0.84,49.27,233.55,810,Low,Up
C389,Q1,200.25,831.07,0.56,4.41,-1.31,22.09,418.25,540,High,Stable
C176,Q3,4226.87,827.24,0.95,2.37,2.87,15.46,436.37,480,High,Up
C090,Q2,2328.63,1206.17,0.16,2.91,9.82,31.15,25.11,592,Medium,Down
C402,Q4,1127.06,522.5,3.01,0.59,3.96,8.8,80.87,382,High,Up
C454,Q3,712.2,268.26,4.44,1.21,-4.48,43.57,138.01,389,High,Stable
C037,Q2,4768.87,250.56,3.39,3.39,-2.58,33.51,297.64,738,Low,Stable
C316,Q1,409.69,711.53,4.91,3.73,2.26,32.3,180.82,842,Low,Up
C176,Q2,1035.51,563.55,0.41,3.12,11.49,21.52,422.1,492,High,Down
C461,Q1,1771.72,548.21,4.52,1.14,-2.54,54.76,358.48,787,Low,Up
C284,Q2,3120.16,-45.07,4.09,2.5,9.02,9.98,50.68,648,Medium,Up
C453,Q3,2746.77,1021.63,1.64,2.1,-2.0,52.84,312.47,388,High,Down
C461,Q1,671.94,163.35,4.87,2.73,0.29,25.72,56.95,422,High,Down
C081,Q3,1484.15,134.82,1.51,4.42,-0.7,53.43,127.89,673,Low,Up
C114,Q3,1231.82,501.69,4.46,3.99,-3.32,45.08,89.35,346,High,Down
C040,Q1,1107.04,187.22,4.42,0.88,11.78,10.73,86.94,732,Low,Down
C301,Q1,2085.16,792.56,3.81,4.51,6.59,50.73,308.39,445,High,Down
C224,Q4,3534.96,431.49,2.86,2.62,15.78,42.52,282.02,302,High,Up
C318,Q4,1126.39,563.15,0.69,3.85,-2.53,6.78,88.43,829,Low,Up
C349,Q4,1865.06,713.19,2.71,1.13,-1.38,12.35,495.09,613,Medium,Up
C115,Q3,1985.04,146.01,1.85,3.52,2.66,39.96,211.21,626,Medium,Up
C186,Q3,4883.46,64.78,3.98,1.56,14.15,41.44,48.99,380,High,Down
C323,Q4,4775.6,1296.72,3.81,2.47,2.64,46.07,60.72,452,High,Stable
C056,Q3,4010.68,537.33,4.56,0.58,5.21,44.61,292.15,701,Low,Up
C040,Q3,1246.21,500.56,0.17,1.18,2.54,41.27,489.55,787,Low,Down
C354,Q1,386.78,-139.46,4.06,0.91,-2.99,47.14,286.19,366,High,Up
C040,Q1,1618.68,646.56,4.7,1.58,18.49,36.63,474.55,388,High,Up
C347,Q3,1370.63,742.09,3.97,0.95,8.71,19.34,222.34,434,High,Down
C461,Q4,2554.33,750.03,0.74,3.61,14.7,55.18,218.2,501,High,Stable
C237,Q2,3899.75,1001.95,0.5,0.63,11.46,6.0,250.25,727,Low,Stable
C289,Q4,4298.7,101.72,0.2,3.28,7.86,25.16,348.86,478,High,Stable
C262,Q2,4232.08,228.78,3.18,1.13,-2.76,45.09,184.12,638,Medium,Up
C216,Q4,1830.39,1178.24,3.19,4.75,11.07,28.49,432.01,378,High,Down
C147,Q1,3451.81,1410.19,4.94,4.7,-1.12,6.37,15.13,832,Low,Stable
C336,Q3,1598.53,31.09,2.05,1.51,5.36,8.63,220.16,677,Low,Down
C168,Q3,351.48,646.0,1.73,3.26,10.73,40.68,255.74,464,High,Stable
C092,Q1,3522.75,164.1,3.16,0.63,14.56,58.07,303.71,839,Low,Up
C353,Q2,98.65,-97.88,4.15,4.69,12.13,35.35,138.4,454,High,Stable
C059,Q2,2075.45,353.36,4.69,2.85,11.79,32.87,214.03,422,High,Up
C059,Q2,1680.43,44.27,4.04,0.69,-1.27,22.51,242.53,501,High,Down
C304,Q1,3482.22,1006.89,2.19,2.04,3.65,19.12,343.61,339,High,Down
C169,Q2,3842.92,707.33,3.21,0.85,-3.93,6.15,386.89,468,High,Up
C269,Q1,1555.27,44.52,4.3,2.27,12.99,20.01,369.04,369,High,Stable
C363,Q4,4067.55,-184.29,2.5,3.51,18.81,29.7,171.12,629,Medium,Up
C045,Q4,1504.89,1173.87,1.16,2.61,1.6,15.89,499.73,739,Low,Up
C345,Q1,2259.32,99.53,0.93,2.23,-2.81,9.8,424.41,698,Low,Stable
C181,Q3,3648.74,830.57,0.1,1.04,6.89,44.48,130.38,792,Low,Up
C170,Q4,3479.96,372.77,3.62,1.6,16.42,54.2,97.96,653,Medium,Up
C356,Q2,4937.47,795.33,0.64,0.95,8.8,56.52,157.35,627,Medium,Stable
C191,Q1,1164.55,336.61,1.29,4.13,-3.83,38.99,226.45,797,Low,Stable
C155,Q2,3328.47,-52.2,1.56,1.11,19.36,7.9,425.47,718,Low,Stable
C422,Q2,3067.93,179.02,2.85,3.18,15.72,45.75,389.29,802,Low,Stable
C188,Q3,4579.74,119.7,2.05,2.04,-1.71,11.06,425.7,838,Low,Stable
C007,Q2,823.99,527.63,3.41,1.52,18.04,41.84,136.34,644,Medium,Stable
C133,Q3,3771.4,919.08,0.37,3.38,6.27,47.87,296.93,676,Low,Down
C235,Q4,2862.93,248.47,0.71,2.56,4.3,44.92,141.98,594,Medium,Up
C045,Q1,1409.6,-179.48,2.55,2.3,6.53,57.35,54.96,587,Medium,Stable
C314,Q2,2398.45,682.19,1.75,3.17,15.86,45.6,342.26,553,High,Up
C249,Q1,1702.19,829.79,1.55,2.71,11.49,43.13,71.93,733,Low,Up
C499,Q2,2917.6,1436.88,0.43,1.87,-3.52,19.4,334.02,800,Low,Stable
C031,Q1,4450.55,802.1,4.49,3.02,18.94,55.86,324.16,384,High,Stable
C023,Q2,2868.06,600.99,3.49,3.51,-1.31,14.87,405.22,820,Low,Down
C426,Q2,3177.03,774.78,0.7,0.62,13.64,54.77,70.21,812,Low,Up
C394,Q2,2617.8,1377.43,0.42,2.6,10.9,22.2,391.85,815,Low,Down
C160,Q2,303.27,1208.24,4.88,0.76,-0.31,12.16,499.64,815,Low,Up
C363,Q2,1202.65,349.06,3.44,1.34,-0.73,50.47,425.6,796,Low,Up
C437,Q2,2485.41,203.33,2.15,3.02,16.76,5.14,376.03,461,High,Down
C158,Q2,1585.66,246.48,3.54,4.4,5.49,50.76,331.25,826,Low,Up
C039,Q2,949.73,657.52,3.81,4.47,11.36,19.43,211.18,664,Medium,Up
C415,Q2,2545.46,1064.88,3.92,0.81,7.6,53.66,365.38,843,Low,Stable
C082,Q1,1647.91,655.47,2.44,2.39,13.18,43.03,362.23,724,Low,Stable
C356,Q3,1327.63,-84.75,2.21,3.12,6.98,41.64,315.93,663,Medium,Up
C258,Q2,2346.73,1030.09,0.15,1.16,2.18,25.09,398.24,407,High,Down
C206,Q3,709.76,1170.15,4.64,3.94,4.08,8.27,224.66,313,High,Up
C077,Q2,4642.34,292.15,3.06,3.85,16.48,50.65,61.07,322,High,Stable
C477,Q2,4345.13,929.01,1.1,4.57,6.7,14.4,279.75,620,Medium,Up
C012,Q1,3552.72,525.21,4.61,0.54,0.34,25.47,132.89,809,Low,Stable
C295,Q4,575.76,1311.5,4.58,1.48,18.37,38.02,192.52,340,High,Stable
C450,Q4,3890.59,1236.88,4.95,4.22,14.92,31.52,9.2,603,Medium,Down
C224,Q1,4049.39,693.23,4.38,3.52,-3.61,15.93,191.7,714,Low,Up
C013,Q3,3850.43,975.56,4.99,4.52,19.97,12.73,404.5,749,Low,Stable
C046,Q4,614.13,1301.69,1.3,0.76,12.37,11.78,271.59,693,Low,Up
C155,Q1,3237.34,642.72,4.23,3.19,-0.99,52.47,5.4,664,Medium,Up
C113,Q1,4179.91,332.53,4.13,3.06,0.93,6.74,235.19,728,Low,Up
C233,Q4,2907.9,1081.23,1.23,0.66,12.31,58.74,146.08,451,High,Down
C017,Q3,3249.72,174.11,0.58,2.81,14.49,15.92,239.04,558,High,Up
C360,Q1,2318.9,460.5,4.9,3.24,0.98,11.07,202.64,522,High,Stable
C223,Q2,2667.1,1271.74,1.55,1.36,1.42,36.73,466.02,565,High,Up
C354,Q3,220.17,1031.52,4.37,1.73,2.68,9.4,21.07,529,High,Stable
C188,Q3,3212.87,486.48,0.12,3.38,9.95,38.13,341.95,738,Low,Up
C448,Q4,453.16,165.07,0.2,2.61,-0.7,51.78,425.59,449,High,Up
C344,Q4,2203.32,405.15,2.38,4.36,-2.39,7.63,479.64,756,Low,Up
C365,Q2,1498.64,282.98,1.27,2.04,11.97,48.99,89.23,435,High,Stable
C163,Q1,2749.87,99.35,3.48,1.7,14.48,26.7,265.89,698,Low,Up
C496,Q4,710.41,1063.67,2.87,4.93,7.52,13.77,22.27,442,High,Stable
C326,Q4,3473.63,228.52,0.48,4.6,4.1,14.69,249.84,369,High,Up
C467,Q3,3985.31,572.08,0.9,0.63,5.8,55.53,63.17,353,High,Stable
C414,Q4,858.6,455.96,2.0,3.97,4.71,11.08,419.03,702,Low,Up
C455,Q4,566.35,1469.53,1.01,1.0,19.0,52.67,57.38,326,High,Up
C074,Q4,770.3,464.86,3.98,0.62,14.2,34.93,256.89,598,Medium,Down
C233,Q4,4391.78,-64.03,2.14,1.73,0.2,7.15,260.79,619,Medium,Up
C224,Q3,2664.54,-47.3,0.56,1.71,4.6,30.55,485.84,744,Low,Down
C482,Q2,2362.94,804.28,2.47,4.19,8.6,49.96,327.66,397,High,Up
C319,Q2,578.22,818.92,0.55,3.7,10.32,44.94,144.28,425,High,Stable
C412,Q1,3265.3,511.89,0.73,4.92,6.7,31.88,120.78,357,High,Down
C060,Q4,4346.6,534.13,1.27,3.7,15.25,52.3,64.56,476,High,Up
C335,Q3,4149.52,-108.31,4.31,2.38,14.19,11.62,378.38,584,Medium,Stable
C222,Q1,3148.97,678.13,4.63,3.65,7.63,55.05,345.53,326,High,Up
C037,Q1,422.63,658.06,4.15,5.0,16.36,51.55,305.13,750,Low,Down
C477,Q2,606.37,54.23,1.74,3.7,13.78,43.96,20.9,622,Medium,Down
C278,Q3,294.08,-23.47,1.43,3.93,14.46,49.98,381.53,549,High,Stable
C196,Q3,1324.52,10.07,2.79,4.72,18.91,34.91,321.12,669,Medium,Up
C404,Q3,721.52,-28.25,3.64,1.01,1.66,42.13,481.96,389,High,Down
C352,Q2,1337.24,836.5,4.97,3.67,1.69,35.83,293.81,430,High,Up
C484,Q2,1956.04,134.02,0.74,4.33,17.22,24.55,152.32,824,Low,Down
C242,Q2,4717.76,227.43,0.34,4.79,14.31,36.29,191.07,328,High,Down
C324,Q2,3071.36,95.07,3.5,1.45,18.16,19.16,88.33,843,Low,Up
C219,Q2,4183.12,1428.32,4.18,2.77,-3.42,29.22,361.6,385,High,Down
C192,Q4,3566.24,1252.85,4.25,3.56,10.69,20.44,354.01,357,High,Down
C017,Q4,606.89,191.84,3.42,1.61,-1.38,11.76,100.72,356,High,Down
C012,Q3,3692.81,356.86,4.77,3.2,7.6,22.7,79.67,693,Low,Up
C406,Q1,1411.74,156.82,2.6,1.66,-1.11,51.86,38.96,324,High,Up
C401,Q3,3213.58,636.19,4.58,2.0,-1.8,25.96,456.03,489,High,Up
C394,Q1,1737.76,-166.66,4.84,2.49,-4.7,46.14,116.92,375,High,Up
C374,Q2,4988.48,941.33,4.25,2.88,10.76,14.64,172.41,670,Low,Up
C193,Q1,1354.58,689.37,1.62,2.52,3.98,28.34,140.61,805,Low,Down
C022,Q3,1431.7,1327.69,1.06,2.72,-2.37,11.32,207.11,482,High,Down
C474,Q3,4656.83,79.47,2.79,1.84,3.07,12.62,357.17,453,High,Up
C120,Q1,171.99,1166.99,2.32,1.22,-0.78,38.96,435.36,568,High,Stable
C210,Q4,3498.61,1146.33,4.4,0.71,18.54,38.41,91.71,577,High,Stable
C306,Q2,3640.37,16.21,0.59,1.38,3.0,16.74,343.36,639,Medium,Up
C270,Q2,4190.07,477.55,1.36,3.12,3.35,31.09,176.6,322,High,Up
C192,Q3,4873.47,89.26,3.78,4.04,16.0,52.48,490.27,731,Low,Down
C175,Q4,4879.23,233.02,0.57,1.26,11.19,14.58,149.81,825,Low,Up
C285,Q1,373.12,247.52,1.67,0.99,12.75,6.06,4.09,642,Medium,Stable
C204,Q2,4118.1,745.6,2.0,3.87,10.9,40.86,258.06,351,High,Up
C164,Q4,3249.23,499.4,3.15,1.87,18.65,7.94,75.79,638,Medium,Up
C251,Q2,3254.34,1411.15,0.87,4.78,0.18,58.9,22.72,340,High,Up
C227,Q4,685.33,14.83,4.32,3.71,19.73,38.53,349.29,817,Low,Up
C436,Q4,3268.43,1455.28,2.29,1.97,15.77,30.87,366.26,706,Low,Up
C381,Q3,4913.29,192.09,4.59,1.8,9.72,28.65,230.62,437,High,Up
C460,Q2,4563.5,1113.89,2.39,2.86,11.56,36.52,338.6,398,High,Up
C007,Q1,2223.7,376.25,1.45,0.86,11.22,9.98,269.35,640,Medium,Down
C029,Q3,247.74,43.24,0.79,1.03,-3.54,56.15,315.09,615,Medium,Up
C395,Q3,1843.35,1258.41,0.12,1.29,0.45,39.41,298.55,841,Low,Stable
C033,Q1,4140.63,325.06,2.71,3.99,19.04,15.12,333.08,524,High,Up
C134,Q3,3522.42,920.05,0.63,2.81,8.36,35.94,100.22,560,High,Up
C367,Q4,2323.75,762.95,2.02,0.55,4.46,12.33,134.72,546,High,Up
C079,Q4,322.75,601.99,2.99,3.53,14.05,5.97,220.26,378,High,Stable
C416,Q2,2163.13,642.89,1.45,2.41,8.11,39.68,223.34,772,Low,Down
C435,Q2,2371.67,1044.8,0.96,2.8,-4.67,40.67,387.32,376,High,Up
C459,Q1,4646.35,-50.79,3.9,1.46,13.41,37.1,184.01,561,High,Up
C058,Q2,3223.38,935.91,4.74,2.98,13.31,15.09,81.67,301,High,Stable
C471,Q4,1592.68,1322.88,0.59,4.91,-0.87,38.19,126.11,316,High,Stable
C026,Q1,2650.33,-101.76,0.86,0.83,18.92,8.11,107.76,643,Medium,Up
C482,Q1,376.97,39.11,4.8,1.78,0.6,38.51,365.96,311,High,Down
C430,Q2,4864.21,1018.27,0.29,1.59,6.44,35.47,235.43,306,High,Down
C226,Q4,1832.3,543.38,4.89,1.62,-2.13,41.04,354.46,545,High,Up
C285,Q1,2415.44,486.03,0.12,2.2,10.08,54.25,208.4,456,High,Stable
C004,Q4,1808.66,32.84,4.38,4.18,4.39,51.77,444.92,473,High,Stable
C465,Q4,3428.43,661.51,1.61,4.61,3.83,58.94,491.77,786,Low,Down
C099,Q4,3328.05,15.13,4.7,1.41,15.67,58.69,335.09,580,Medium,Stable
C397,Q2,3590.85,610.25,1.65,2.94,-4.76,47.48,431.97,608,Medium,Down
C489,Q3,1377.31,1098.15,3.31,3.37,14.95,57.6,254.21,536,High,Up
C039,Q3,1612.56,239.05,0.49,2.85,9.29,52.7,467.34,456,High,Up
C271,Q1,669.99,617.34,1.29,2.45,19.65,45.02,415.88,550,High,Down
C375,Q4,3294.77,1486.43,3.89,1.36,9.74,9.15,495.89,520,High,Up
C285,Q2,247.0,967.31,2.69,2.7,-3.62,7.7,311.74,637,Medium,Down
C157,Q4,3008.53,1230.31,4.65,2.31,-3.73,51.07,389.71,522,High,Up
C075,Q4,4354.99,505.24,2.2,4.08,17.08,31.93,271.66,510,High,Up
C372,Q2,4459.62,1105.36,4.36,3.94,16.03,49.8,129.93,636,Medium,Stable
C288,Q3,2272.74,-131.13,2.3,1.1,3.65,22.21,177.7,433,High,Stable
C130,Q4,2323.55,8.95,4.9,0.9,10.45,26.87,447.06,794,Low,Down
C175,Q4,431.0,145.22,4.8,4.59,7.24,43.51,28.45,846,Low,Down
C462,Q3,3370.29,483.32,1.71,2.91,19.18,55.34,295.94,482,High,Stable
C084,Q2,4115.23,1237.77,4.44,4.36,18.75,9.83,186.56,460,High,Down
C022,Q1,1261.04,388.65,4.25,0.76,19.6,52.38,193.65,686,Low,Up
C459,Q3,2135.44,912.86,1.13,2.87,16.66,48.62,442.34,496,High,Down
C027,Q1,4202.25,1005.83,3.16,2.93,17.74,22.35,426.98,783,Low,Down
C195,Q1,4391.75,796.51,0.46,4.37,0.43,24.54,299.62,801,Low,Up
C337,Q3,1253.74,407.31,4.2,0.94,15.78,7.56,136.82,788,Low,Up
C382,Q4,2775.32,780.99,0.96,1.58,12.72,5.87,237.99,651,Medium,Stable
C236,Q1,1002.84,381.85,0.45,2.33,19.07,31.24,204.44,829,Low,Up
C440,Q1,554.3,-57.41,2.06,4.4,9.28,10.25,177.13,533,High,Up
C092,Q2,4560.05,1487.77,2.93,4.72,-2.87,15.67,51.84,708,Low,Up
C477,Q4,4111.51,16.21,4.29,4.97,9.93,51.57,271.79,575,High,Up
C021,Q1,3812.17,-77.01,4.87,4.82,12.16,36.41,151.26,758,Low,Stable
C303,Q2,291.39,1293.5,2.25,0.53,0.51,39.85,330.57,752,Low,Down
C464,Q4,4226.46,313.12,0.4,0.71,4.85,15.31,159.94,712,Low,Stable
C357,Q3,2218.32,905.5,3.77,1.16,9.96,50.58,215.87,317,High,Down
C443,Q3,1744.86,359.31,2.87,2.07,4.35,52.74,26.65,371,High,Down
C084,Q2,2755.06,465.47,2.29,4.23,4.37,33.78,496.27,677,Low,Down
C262,Q3,502.2,245.59,1.62,4.52,-1.67,55.19,254.05,654,Medium,Up
C147,Q1,3795.4,383.17,2.56,1.34,18.52,51.47,12.61,450,High,Down
C441,Q4,2933.05,498.19,1.76,3.29,13.76,45.22,270.84,560,High,Down
C453,Q1,973.62,1024.71,3.81,4.63,-4.97,45.37,435.24,379,High,Stable
C387,Q1,981.75,669.61,2.77,2.59,14.14,10.8,386.39,405,High,Stable
C257,Q3,962.03,1404.06,4.4,0.97,13.49,19.9,350.6,822,Low,Up
C058,Q1,332.16,-128.8,2.76,2.56,-4.76,8.68,70.16,702,Low,Up
C380,Q3,2959.6,655.22,1.27,2.19,4.24,5.48,329.04,429,High,Down
C422,Q4,4209.72,793.18,4.27,3.1,10.17,13.71,383.27,470,High,Up
C015,Q4,136.62,1364.33,2.83,2.47,6.32,53.43,286.42,705,Low,Up
C162,Q1,292.57,-116.43,1.11,0.58,14.45,18.19,446.43,332,High,Up
C445,Q2,2885.21,774.95,3.16,4.97,5.64,58.36,138.86,835,Low,Up
C163,Q3,4106.5,1251.17,1.85,2.95,-1.15,37.85,121.45,496,High,Down
C320,Q3,1667.36,211.28,4.24,2.63,19.41,18.05,434.85,345,High,Down
C497,Q1,1780.59,1289.7,2.32,4.8,1.05,32.34,312.89,573,High,Stable
C281,Q3,3001.92,-167.63,3.66,1.2,12.94,17.05,1.22,432,High,Up
C280,Q3,1407.35,1045.17,0.57,1.35,-1.42,59.12,176.89,563,High,Up
C012,Q2,181.71,1386.29,2.04,4.14,3.23,51.6,429.0,666,Medium,Down
C274,Q2,3689.38,917.24,4.92,1.67,6.05,6.44,14.15,304,High,Up
C271,Q1,3146.97,546.35,4.06,4.1,-0.19,57.13,2.12,568,High,Stable
C492,Q2,2924.74,-123.7,0.88,1.72,6.25,44.66,140.99,720,Low,Up
C208,Q1,3721.34,1364.19,1.46,0.65,-1.07,9.53,457.04,645,Medium,Stable
C027,Q4,3392.39,599.5,1.72,2.83,8.98,41.89,450.79,368,High,Down
C072,Q1,1069.12,-150.71,3.29,1.39,11.59,40.58,259.62,657,Medium,Stable
C060,Q4,1794.78,972.7,3.81,3.91,-3.44,17.03,276.84,685,Low,Down
C430,Q1,674.25,619.12,3.77,3.39,16.78,46.71,166.34,624,Medium,Stable
C473,Q3,692.79,11.39,2.6,4.66,-0.37,9.79,122.25,780,Low,Down
C145,Q2,3397.17,164.26,4.07,4.02,0.63,31.92,407.7,478,High,Down
C093,Q4,4300.07,-90.37,2.24,1.31,11.53,5.55,53.59,555,High,Down
C309,Q1,4815.53,776.3,0.71,4.1,6.72,58.28,243.93,718,Low,Stable
C008,Q2,3160.32,857.45,2.87,3.39,7.48,46.34,317.38,510,High,Stable
C079,Q1,961.3,659.76,4.77,3.51,-1.8,13.74,52.29,666,Medium,Up
C027,Q2,572.97,1189.07,3.99,4.25,15.14,23.79,260.04,465,High,Up
C174,Q2,4073.61,1263.71,2.94,3.08,10.43,13.83,288.97,513,High,Up
C050,Q1,2914.84,846.56,3.27,2.6,-1.62,47.16,371.38,828,Low,Up
C500,Q4,3110.51,-178.31,4.66,3.36,4.35,8.24,117.8,472,High,Stable
C199,Q4,3918.24,981.89,2.2,1.84,15.26,51.22,147.02,428,High,Up
C387,Q3,3531.22,510.6,1.72,1.32,9.21,56.82,284.98,302,High,Down
C349,Q2,4180.57,761.45,4.89,3.27,-2.28,42.21,491.57,369,High,Down
C448,Q3,328.26,903.44,4.33,1.55,4.32,16.71,109.14,351,High,Stable
C428,Q3,3750.23,395.4,1.68,0.86,1.07,24.8,492.96,736,Low,Down
C181,Q1,4261.72,1359.07,2.37,0.5,7.94,31.25,357.31,677,Low,Up
C024,Q1,1466.37,27.76,2.13,3.24,16.08,38.25,413.13,393,High,Stable
C316,Q1,3220.21,941.57,0.83,2.13,5.91,41.78,45.28,385,High,Up
C378,Q2,1605.1,-192.59,4.79,3.89,5.83,35.48,150.56,817,Low,Stable
C387,Q1,4791.96,1371.91,2.08,2.19,17.63,24.32,29.34,729,Low,Up
C404,Q1,215.45,-8.74,4.39,2.69,9.4,54.0,186.09,342,High,Up
C046,Q2,2919.97,-38.7,1.03,2.33,9.15,9.48,490.65,669,Medium,Stable
C015,Q2,874.19,366.11,2.78,3.43,1.55,30.64,53.08,703,Low,Stable
C153,Q4,3575.49,435.06,0.22,2.1,10.19,47.66,281.41,602,Medium,Up
C222,Q1,920.66,164.31,3.84,4.84,9.4,8.35,3.53,481,High,Down
C206,Q1,1215.15,794.71,2.95,4.71,4.92,43.79,356.49,468,High,Down
C455,Q1,2497.14,552.95,3.17,4.32,19.77,50.08,99.0,502,High,Up
C273,Q4,4578.43,-141.9,0.35,4.64,17.05,41.35,65.23,842,Low,Stable
C382,Q1,1097.99,343.41,1.13,2.52,13.74,5.71,168.84,401,High,Stable
C236,Q4,763.99,1177.74,0.46,2.91,8.43,14.91,385.64,645,Medium,Stable
C340,Q3,3806.94,972.49,1.52,3.84,6.55,23.82,53.75,741,Low,Down
C228,Q4,2528.07,1032.28,3.17,3.63,-0.38,17.85,115.3,549,High,Down
C009,Q3,4563.34,986.8,2.87,4.51,2.64,57.95,4.73,482,High,Down
C166,Q1,775.74,328.65,3.1,3.72,14.35,40.84,484.22,601,Medium,Up
C432,Q3,3247.34,-30.57,2.79,4.99,6.34,21.33,296.28,579,High,Down
C444,Q4,1202.75,263.19,1.44,2.07,17.06,56.13,360.09,388,High,Stable
C319,Q2,825.96,1214.04,1.3,4.25,-1.3,45.73,325.87,724,Low,Up
C214,Q3,3432.98,1466.8,0.77,3.64,7.71,20.65,72.61,584,Medium,Up
C117,Q3,2988.74,639.54,4.26,3.61,11.17,25.84,297.67,429,High,Down
C386,Q1,3786.4,-183.51,3.12,1.97,7.92,15.97,66.14,547,High,Up
C344,Q4,1581.84,38.08,1.01,4.04,17.23,58.41,200.92,488,High,Stable
C072,Q3,2267.46,347.54,0.97,4.55,19.74,33.45,284.7,390,High,Up
C395,Q3,2057.08,783.6,4.38,1.48,-2.1,54.28,279.66,464,High,Stable
C064,Q3,4921.24,-72.34,3.74,3.31,-1.75,24.06,59.98,847,Low,Up
C205,Q3,1496.63,1403.71,3.33,2.26,-1.74,52.35,17.7,629,Medium,Up
C209,Q2,1509.35,420.64,2.09,4.95,12.03,7.96,399.22,840,Low,Stable
C072,Q4,1805.01,1351.39,1.38,2.65,4.32,59.01,363.1,379,High,Down
C277,Q1,2844.74,1126.89,4.9,1.53,13.33,55.16,41.37,468,High,Up
C274,Q1,1299.0,1084.24,4.01,2.22,5.14,24.98,64.14,844,Low,Up
C478,Q2,4580.69,831.42,1.58,3.44,10.69,47.61,446.35,392,High,Up
C320,Q4,1365.14,865.53,4.25,0.84,14.25,46.37,384.68,678,Low,Up
C338,Q3,4484.29,884.61,3.82,3.22,8.71,54.57,498.08,508,High,Down
C366,Q2,562.2,868.83,1.56,4.69,8.49,21.9,127.37,493,High,Down
C495,Q4,3299.99,741.34,2.19,4.33,-2.79,30.6,244.16,563,High,Up
C095,Q3,4539.58,1476.9,1.01,0.8,5.27,52.57,118.61,546,High,Up
C166,Q2,885.31,1044.89,0.64,4.97,8.64,47.82,311.59,747,Low,Down
C032,Q4,4843.22,1120.81,3.64,3.64,6.55,26.64,58.15,820,Low,Up
C011,Q1,2291.77,1283.19,1.41,1.23,17.52,51.51,64.06,778,Low,Down
C301,Q1,4731.29,166.59,4.12,0.56,17.66,7.58,36.41,576,High,Down
C217,Q4,3400.26,-57.53,4.98,1.27,15.55,48.01,346.95,428,High,Up
C289,Q1,1542.86,620.92,0.48,4.27,4.38,16.37,247.29,601,Medium,Up
C102,Q4,982.1,673.94,2.42,0.6,12.93,20.74,309.06,813,Low,Up
C425,Q3,1553.49,1209.61,4.03,1.55,4.88,32.13,439.71,659,Medium,Down
C392,Q4,510.44,554.43,3.97,3.91,0.81,29.74,370.29,656,Medium,Down
C267,Q3,762.15,770.45,3.82,3.14,3.57,33.63,231.13,765,Low,Down
C214,Q2,568.07,696.02,1.81,4.02,-3.23,34.96,492.19,471,High,Stable
C179,Q4,2143.57,-135.06,2.32,3.86,3.29,23.23,228.4,387,High,Down
C088,Q2,3988.11,845.87,3.02,0.73,6.52,14.64,56.67,799,Low,Stable
C041,Q1,749.85,1207.67,4.87,4.52,18.89,47.27,496.33,382,High,Up
C401,Q3,695.09,67.75,1.7,1.52,2.84,27.0,11.9,816,Low,Up
C076,Q4,3234.97,810.36,4.62,2.99,17.56,32.82,275.17,621,Medium,Up
C377,Q2,1026.06,809.14,1.42,3.4,0.72,40.46,154.89,764,Low,Down
C046,Q3,533.17,79.11,4.95,1.26,-0.23,55.03,252.02,440,High,Up
C160,Q3,875.9,9.89,3.38,4.89,7.97,43.92,279.58,435,High,Down
C463,Q1,4622.47,1466.09,2.37,2.7,11.81,7.5,120.43,629,Medium,Down
C080,Q1,4116.28,469.32,3.11,0.76,-3.89,51.12,278.65,694,Low,Up
C310,Q3,1802.62,186.62,1.44,4.72,0.53,59.41,378.15,455,High,Down
C086,Q3,3296.31,91.25,1.44,3.14,6.39,30.99,133.62,338,High,Up
C092,Q4,2709.51,934.92,0.66,3.65,3.28,58.33,192.02,581,Medium,Down
C148,Q3,3401.77,836.06,0.66,2.86,12.82,35.1,134.49,837,Low,Stable
C161,Q4,3429.22,894.04,1.8,4.26,7.78,30.28,410.37,843,Low,Stable
C202,Q3,3162.23,-50.39,3.84,0.65,-0.99,23.23,362.63,345,High,Up
C424,Q1,1367.2,1319.01,3.08,1.71,17.36,41.17,435.66,543,High,Up
C416,Q4,243.08,461.75,0.6,2.61,2.32,17.64,85.44,846,Low,Down
C242,Q2,2305.06,332.73,4.28,0.84,13.28,10.77,37.25,749,Low,Up
C353,Q1,4460.32,586.01,3.05,3.68,14.5,6.5,60.13,577,High,Stable
C002,Q4,2869.01,463.11,4.81,2.27,19.08,21.08,80.93,705,Low,Up
C225,Q4,4170.34,1268.08,3.38,1.73,7.46,26.77,266.77,345,High,Stable
C289,Q2,4958.54,1379.74,0.96,0.52,10.4,35.36,485.47,819,Low,Stable
C233,Q4,859.9,315.87,2.42,3.74,3.37,21.1,178.94,570,High,Up
C461,Q3,3474.3,1268.69,3.28,4.25,11.95,59.12,479.27,537,High,Up
C414,Q2,3387.75,1128.59,0.24,2.28,6.58,21.05,19.58,466,High,Stable
C417,Q1,4900.78,1382.37,0.17,3.04,5.94,29.25,463.47,675,Low,Up
C077,Q1,4928.72,217.78,0.73,1.52,16.39,10.68,90.99,500,High,Down
C116,Q3,3449.06,780.83,1.33,3.3,-3.75,19.33,456.28,531,High,Up
C154,Q1,1255.89,266.73,2.2,0.55,17.05,7.66,28.59,745,Low,Up
C406,Q4,4002.85,1200.96,2.49,2.7,16.3,35.77,474.14,717,Low,Up
C103,Q4,579.79,-190.95,0.78,3.4,7.66,46.31,100.8,453,High,Up
C194,Q3,3914.46,760.19,3.4,4.63,7.26,15.76,151.71,667,Medium,Down
C166,Q1,4555.47,376.65,3.02,2.22,4.05,25.24,245.73,386,High,Stable
C359,Q1,1945.03,348.56,1.54,3.94,19.85,5.91,190.67,829,Low,Up
C090,Q3,3171.64,896.34,0.17,3.19,-2.22,51.17,333.93,353,High,Down
C174,Q2,2179.21,1247.52,0.48,4.67,9.76,47.9,487.42,341,High,Down
C122,Q1,2216.94,835.63,2.02,2.29,12.04,8.48,303.41,648,Medium,Up
C498,Q2,1586.34,1250.39,0.85,1.94,18.36,25.07,360.88,529,High,Down
C143,Q1,3822.54,249.82,1.95,4.49,14.51,57.54,44.46,735,Low,Stable
C482,Q1,4684.07,683.15,3.18,0.72,11.1,26.56,314.09,440,High,Up
C106,Q1,4706.72,565.91,2.78,1.11,-2.08,33.94,227.2,587,Medium,Stable
C375,Q1,915.17,-180.2,1.23,0.87,4.34,24.54,442.95,621,Medium,Stable
C428,Q4,4379.98,746.58,1.78,4.29,-1.53,37.79,194.41,741,Low,Up
C305,Q2,3700.29,924.59,3.11,0.55,17.03,58.8,339.89,466,High,Down
C360,Q2,1301.55,806.25,4.32,4.38,13.74,59.86,114.46,762,Low,Up
C459,Q1,383.06,1051.68,3.79,2.53,13.94,47.61,130.06,755,Low,Down
C317,Q1,1376.59,771.28,2.81,0.52,11.31,27.24,188.37,372,High,Down
C451,Q2,4565.43,-86.52,1.88,2.31,7.68,32.19,152.38,569,High,Up
C123,Q4,3184.23,-2.04,1.89,1.34,-1.25,24.62,127.31,518,High,Stable
C390,Q3,3619.22,814.01,4.41,3.31,3.24,59.21,25.31,846,Low,Down
C009,Q3,1322.9,267.46,0.29,3.56,-1.58,43.93,418.45,482,High,Stable
C262,Q2,3610.97,-64.6,4.94,2.69,13.12,29.69,32.62,377,High,Up
C073,Q1,189.2,530.32,3.36,0.68,-0.99,5.67,443.74,607,Medium,Stable
C359,Q1,1907.84,742.35,3.44,3.45,12.55,33.63,63.17,627,Medium,Down
C223,Q4,3152.43,358.87,0.29,4.29,12.31,59.12,33.1,720,Low,Stable
C416,Q3,773.18,1024.74,3.07,3.74,6.48,33.77,281.72,535,High,Down
C041,Q4,4123.87,894.41,2.48,4.23,-1.62,15.03,251.47,761,Low,Up
C370,Q3,1213.4,365.79,0.62,1.4,2.87,6.22,245.87,838,Low,Up
C204,Q2,3278.79,1083.28,1.46,4.5,3.0,24.51,287.46,337,High,Stable
C264,Q3,2055.73,902.78,4.46,1.95,12.51,55.5,143.88,725,Low,Down
C328,Q4,3000.42,883.66,2.79,0.56,-2.16,59.81,331.64,733,Low,Stable
C178,Q4,581.88,740.83,2.13,4.3,15.73,57.0,251.45,658,Medium,Up
C348,Q4,133.72,-180.64,0.46,4.74,14.03,45.12,167.7,330,High,Down
C318,Q2,4552.34,984.06,3.6,3.45,-0.34,35.7,413.34,504,High,Down
C084,Q3,1384.67,439.27,3.54,1.54,12.98,37.49,364.0,480,High,Down
C318,Q3,4107.4,1402.44,3.11,1.63,11.71,34.64,197.11,339,High,Stable
C111,Q4,4996.78,1190.57,2.6,2.6,13.7,43.89,423.89,722,Low,Up
C251,Q3,1096.58,799.08,2.23,4.54,-0.28,28.04,460.17,456,High,Down
C383,Q1,1362.6,228.71,3.01,1.17,-1.06,41.81,268.66,467,High,Down
C007,Q1,3331.16,146.32,1.24,4.22,0.91,11.69,107.87,381,High,Up
C459,Q1,4828.97,378.65,4.71,1.81,4.15,19.61,457.94,401,High,Down
C084,Q3,4583.28,610.17,2.99,4.14,14.84,50.98,95.15,388,High,Down
C208,Q2,2539.23,303.31,1.62,4.64,13.45,54.71,24.69,644,Medium,Up
C388,Q2,3985.8,675.38,2.3,2.42,18.14,34.65,164.08,609,Medium,Up
C390,Q2,721.94,81.13,4.05,2.14,-3.53,6.74,363.62,739,Low,Stable
C314,Q2,4888.32,1462.11,0.89,4.11,-4.71,55.98,461.68,458,High,Up
C022,Q1,4823.55,-16.53,1.53,2.88,12.48,43.61,318.82,413,High,Up
C410,Q1,860.46,1384.31,3.43,3.58,1.98,27.77,475.94,835,Low,Down
C383,Q4,1532.14,1353.08,1.65,3.3,3.35,37.91,46.64,462,High,Up
C003,Q3,545.77,693.11,3.98,1.19,8.67,28.64,30.85,585,Medium,Down
C127,Q3,1395.0,1032.35,0.74,4.3,-2.44,30.59,302.29,354,High,Up
C297,Q2,4088.98,541.28,3.84,1.38,11.07,53.77,483.08,332,High,Stable
C188,Q1,1922.66,871.06,0.43,4.7,3.13,13.86,251.61,495,High,Up
C362,Q2,487.56,378.98,0.16,1.63,10.82,10.7,26.23,747,Low,Up
C014,Q4,1744.02,311.97,4.5,3.8,15.85,5.15,111.0,391,High,Down
C459,Q3,4907.85,782.99,2.95,1.78,-0.72,22.27,122.77,527,High,Up
C466,Q3,3166.93,646.82,1.82,1.93,18.27,13.11,169.26,585,Medium,Stable
C012,Q2,2110.0,785.21,1.24,1.9,8.27,17.1,22.28,534,High,Down
C087,Q4,874.37,287.32,3.12,3.87,18.07,5.62,452.49,401,High,Stable
C012,Q3,4931.58,423.83,2.59,3.01,0.19,17.5,258.02,439,High,Up
C397,Q4,4113.2,-57.37,4.96,4.47,10.11,23.3,335.63,565,High,Stable
C025,Q4,1443.31,-111.13,4.92,1.88,5.1,6.74,34.05,641,Medium,Down
C301,Q2,396.84,230.88,3.21,3.61,14.36,38.43,27.53,834,Low,Up
C243,Q1,330.3,-73.78,2.27,3.89,10.15,36.28,293.44,822,Low,Up
C122,Q2,645.87,-23.58,2.51,1.18,7.36,10.34,443.7,315,High,Stable
C147,Q1,2924.8,1181.98,3.44,2.3,17.82,37.73,264.48,635,Medium,Stable
C055,Q4,4647.38,-133.91,0.6,2.67,4.43,59.93,438.97,689,Low,Up
C238,Q1,2508.88,920.2,1.71,2.1,0.5,56.95,405.59,469,High,Stable
C356,Q4,4222.58,263.35,0.47,1.95,10.2,5.15,38.39,418,High,Stable
C173,Q3,2257.14,1281.63,0.46,3.59,10.6,48.75,101.38,341,High,Up
C392,Q3,3557.49,624.49,1.06,1.47,5.98,24.45,329.03,309,High,Down
C221,Q3,3672.77,319.48,2.48,3.69,7.17,8.5,222.03,729,Low,Up
C119,Q2,911.12,679.99,3.95,4.71,18.99,21.28,145.7,767,Low,Stable
C309,Q2,1838.02,449.33,2.48,3.04,13.32,22.7,209.61,348,High,Down
C183,Q4,3204.65,759.31,1.74,3.25,-2.23,33.78,222.88,506,High,Down
C288,Q3,399.95,-5.29,0.5,0.81,0.3,41.36,455.32,813,Low,Stable
C307,Q2,1839.62,1494.88,2.8,4.39,19.39,46.2,52.18,509,High,Up
C300,Q3,2697.26,523.44,1.43,1.78,13.16,18.52,140.23,438,High,Stable
C082,Q2,4981.31,391.99,3.11,3.27,17.88,22.7,269.01,336,High,Up
C454,Q1,2398.94,1007.36,4.89,4.91,2.6,21.96,349.29,517,High,Stable
C402,Q1,4089.48,418.63,0.65,3.18,13.55,24.95,315.5,755,Low,Down
C211,Q3,2188.73,1216.57,1.14,3.76,12.85,59.98,470.85,811,Low,Down
C150,Q4,3992.13,572.26,2.42,2.5,2.37,47.79,397.91,577,High,Down
C037,Q2,2997.3,1023.25,4.85,0.77,8.77,58.62,278.76,479,High,Stable
C352,Q2,4438.65,-17.33,3.88,4.09,10.69,43.12,107.73,816,Low,Up
C312,Q1,2084.17,1238.4,4.5,0.66,7.03,27.34,225.71,429,High,Up
C361,Q1,3041.31,1050.72,1.74,3.65,15.68,26.44,346.84,658,Medium,Up
C059,Q4,3168.59,159.92,4.96,0.6,15.82,31.87,419.06,303,High,Stable
C131,Q4,2116.05,46.99,0.6,4.38,16.27,27.93,479.89,382,High,Down
C412,Q4,764.34,337.7,0.36,1.21,15.09,50.56,302.92,453,High,Down
C202,Q3,513.12,1459.32,4.29,2.81,7.2,30.58,263.7,805,Low,Stable
C243,Q1,132.52,236.61,4.64,3.19,4.54,21.26,9.34,808,Low,Stable
C035,Q3,4373.99,575.42,0.54,2.56,15.78,47.62,36.51,396,High,Up
C445,Q1,1220.55,-148.97,0.66,2.03,7.26,51.99,78.47,581,Medium,Down
C093,Q1,1096.96,475.29,0.26,2.61,1.16,28.12,27.85,837,Low,Up
C438,Q2,3693.38,771.24,0.61,1.9,7.68,41.73,200.73,728,Low,Stable
C447,Q1,1634.08,1420.31,1.13,2.47,-1.45,8.23,168.77,842,Low,Stable
C207,Q1,2554.92,678.45,4.85,2.12,12.29,34.12,318.86,425,High,Stable
C353,Q3,854.43,1192.48,3.37,3.05,3.4,7.47,268.06,600,Medium,Stable
C391,Q1,4800.74,730.12,3.91,1.57,1.52,6.61,298.19,842,Low,Down
C332,Q3,4265.33,-130.67,3.9,4.95,18.91,38.71,236.25,666,Medium,Down
C305,Q4,4325.76,335.51,2.72,2.75,14.42,21.68,139.23,344,High,Up
C350,Q1,2063.53,778.43,4.01,1.37,14.68,45.84,476.44,792,Low,Up
C213,Q1,3823.69,1416.01,3.02,2.65,10.59,54.28,43.66,615,Medium,Stable
C159,Q3,762.19,1260.52,1.64,4.4,15.98,12.67,469.48,488,High,Down
C442,Q4,92.66,188.2,2.85,0.6,13.98,44.85,155.96,351,High,Stable
C445,Q2,148.87,174.19,2.71,3.56,9.97,33.3,256.57,631,Medium,Stable
C024,Q4,2953.68,141.99,4.13,2.97,19.03,11.17,54.87,798,Low,Stable
C404,Q3,2304.2,1368.25,4.91,1.26,-0.21,40.84,35.93,617,Medium,Down
C293,Q4,2614.18,1249.53,2.11,4.18,18.58,38.52,215.06,709,Low,Up
C004,Q3,86.94,1117.3,3.84,2.16,5.04,33.36,370.98,622,Medium,Up
C220,Q3,2142.3,467.65,0.59,1.82,8.21,55.96,135.05,529,High,Down
C364,Q2,3604.44,657.45,3.91,4.23,-1.93,33.66,281.39,643,Medium,Up
C382,Q1,2241.33,589.36,1.92,3.37,8.5,59.48,139.69,670,Low,Up
C020,Q3,3674.49,230.78,0.29,4.54,10.28,33.01,194.61,591,Medium,Down
C444,Q3,1203.44,658.55,1.88,3.33,19.94,11.37,453.27,736,Low,Stable
C152,Q2,4075.05,-148.16,3.09,3.83,19.38,30.88,427.99,546,High,Stable
C050,Q3,2962.73,24.08,0.68,4.26,19.16,15.03,258.25,518,High,Up
C177,Q1,1093.28,1307.2,4.63,0.75,3.71,37.84,119.43,833,Low,Stable
C435,Q2,1221.77,1077.86,0.48,3.99,19.78,43.12,97.0,818,Low,Down
C096,Q1,3158.75,518.88,4.66,3.26,6.39,30.76,477.07,771,Low,Stable
C105,Q1,4158.2,679.16,3.56,0.81,16.3,10.37,101.76,649,Medium,Up
C420,Q2,2107.36,429.0,1.72,2.79,0.41,30.78,404.18,343,High,Stable
C250,Q3,1328.59,1059.33,2.01,0.87,7.65,9.48,184.8,364,High,Stable
C117,Q1,4341.71,1133.12,3.73,3.81,19.15,42.52,492.84,545,High,Down
C354,Q1,3362.88,1097.58,3.05,2.96,18.68,48.47,184.39,370,High,Up
C228,Q1,2268.02,1028.44,3.39,4.79,12.09,57.93,176.08,457,High,Stable
C066,Q1,2465.11,147.66,2.01,1.32,14.95,13.18,318.91,774,Low,Stable
C335,Q2,1061.07,374.55,2.49,3.23,-0.59,34.28,480.78,324,High,Stable
C418,Q2,3152.67,598.74,4.95,1.45,13.04,36.21,488.12,522,High,Up
C420,Q4,1825.78,362.35,1.15,3.26,10.45,55.74,353.75,459,High,Down
C262,Q4,4978.44,1083.4,2.15,3.75,-2.71,39.5,377.43,374,High,Up
C295,Q1,2426.91,359.9,1.53,3.75,-2.17,13.0,281.92,437,High,Stable
C426,Q3,2455.13,34.99,3.85,4.17,-2.29,29.0,378.01,778,Low,Stable
C243,Q1,2850.97,478.37,3.84,4.34,13.11,41.01,429.96,602,Medium,Up
C371,Q3,4587.94,1465.85,1.53,0.85,-1.46,43.52,243.3,686,Low,Stable
C186,Q1,4014.05,184.0,0.5,2.04,6.69,52.47,310.12,771,Low,Down
C246,Q4,2283.09,840.67,0.16,3.59,3.92,14.93,268.89,633,Medium,Up
C125,Q4,3607.56,536.05,2.19,2.74,8.76,57.33,281.45,608,Medium,Up
C268,Q3,2951.87,-79.26,2.11,1.36,12.66,8.25,445.08,827,Low,Up
C131,Q1,2487.22,629.39,4.94,2.99,12.12,59.11,178.13,839,Low,Down
C237,Q3,1001.96,993.68,2.4,2.33,7.89,52.18,104.49,462,High,Up
C018,Q4,2346.48,672.47,1.36,2.26,6.61,41.32,228.41,354,High,Down
C040,Q1,1266.8,1282.58,4.47,4.14,4.95,45.42,104.44,754,Low,Stable
C021,Q1,4578.47,291.19,2.51,2.33,16.55,9.0,249.45,604,Medium,Down
C399,Q3,1710.26,-53.38,3.04,0.62,3.27,7.28,451.8,401,High,Up
C225,Q2,4763.71,1392.16,0.57,0.76,1.48,10.6,308.91,687,Low,Down
C355,Q3,2688.62,442.93,1.98,4.35,13.58,9.8,427.79,507,High,Up
C282,Q4,3176.14,779.89,4.73,4.82,3.99,35.11,83.51,614,Medium,Stable
C008,Q4,2737.56,1146.41,2.99,3.6,16.17,16.85,450.49,348,High,Down
C100,Q4,690.43,351.33,1.79,2.14,3.2,52.31,301.09,817,Low,Up
C240,Q4,1910.32,1017.48,3.17,4.72,12.55,29.52,16.36,447,High,Down
C478,Q4,540.77,30.21,4.56,3.48,-3.87,43.25,316.74,510,High,Stable
C087,Q2,3133.62,295.2,1.44,4.3,4.64,40.91,475.72,671,Low,Up
C298,Q1,2262.03,46.01,2.58,3.95,3.58,22.59,40.04,346,High,Down
C428,Q3,3901.03,1179.09,4.8,2.21,15.42,18.37,291.44,798,Low,Stable
C014,Q3,1141.33,178.5,0.94,2.65,19.18,23.84,457.78,454,High,Up
C334,Q4,864.6,1019.59,3.63,1.34,6.52,48.82,5.34,529,High,Up
C002,Q3,2061.34,1403.61,3.11,1.81,15.62,37.25,315.64,599,Medium,Down
C375,Q4,4636.6,697.21,3.43,4.0,12.49,18.94,237.71,457,High,Stable
C293,Q2,3566.59,718.05,1.82,4.52,19.18,49.98,173.82,546,High,Stable
C325,Q2,2123.67,583.76,1.64,3.76,15.28,8.01,313.95,450,High,Up
C422,Q1,2610.5,354.01,3.45,2.59,-3.06,43.46,26.82,598,Medium,Up
C493,Q2,466.85,608.61,1.16,0.89,12.83,29.15,376.65,353,High,Down
C041,Q2,4923.65,824.77,2.16,0.76,8.39,45.22,2.74,522,High,Stable
C318,Q1,3348.72,1476.19,1.02,2.18,-4.59,56.01,153.81,766,Low,Down
C316,Q3,1462.75,1394.2,0.14,2.59,1.28,46.25,252.23,785,Low,Up
C381,Q4,2949.75,1265.66,4.85,3.24,18.04,29.31,188.82,743,Low,Up
C111,Q4,591.94,1311.52,2.22,0.53,18.15,13.3,154.08,437,High,Stable
C014,Q3,4830.89,595.34,4.85,4.95,14.97,49.35,415.5,591,Medium,Down
C231,Q1,915.19,917.66,0.79,2.14,19.54,30.34,467.45,509,High,Up
C473,Q3,3257.75,1321.61,2.98,4.32,15.16,9.14,436.92,510,High,Up
C084,Q2,1265.0,468.02,1.08,2.91,-4.74,44.55,261.45,687,Low,Stable
C130,Q1,3601.93,1435.0,3.97,1.09,2.2,21.05,442.14,695,Low,Stable
C231,Q1,3895.27,506.84,3.94,4.09,-4.23,7.69,460.47,423,High,Up
C326,Q1,3383.43,821.84,0.65,3.69,-2.65,54.65,204.91,423,High,Up
C145,Q4,3091.77,1006.67,4.57,2.87,0.47,31.57,142.08,367,High,Up
C379,Q3,4467.72,1416.01,1.05,2.82,7.59,20.45,49.58,774,Low,Up
C345,Q1,439.2,215.85,3.1,0.89,16.19,44.4,239.81,657,Medium,Down
C028,Q1,1688.03,1068.42,4.93,3.45,16.55,53.72,473.18,755,Low,Up
C066,Q1,1279.02,685.39,4.42,4.6,10.41,5.02,280.67,645,Medium,Stable
C163,Q3,4940.67,256.55,4.79,0.92,18.2,42.83,333.95,820,Low,Down
C229,Q4,1977.48,1120.23,1.78,1.69,7.5,47.19,56.89,797,Low,Stable
C261,Q2,3676.43,738.78,0.62,4.56,17.23,16.55,72.19,627,Medium,Stable
C449,Q4,3439.39,923.66,1.02,1.78,6.35,31.93,232.5,629,Medium,Up
C424,Q1,1099.8,348.93,2.55,3.44,1.93,9.91,475.66,726,Low,Up
C460,Q4,1233.04,618.17,3.99,2.91,17.91,46.07,180.71,742,Low,Stable
C440,Q4,1442.36,849.5,0.84,3.18,4.7,51.61,438.8,394,High,Stable
C164,Q2,2085.08,488.35,3.33,2.37,7.59,10.95,60.58,750,Low,Down
C301,Q3,1209.91,137.23,1.69,1.85,3.22,49.91,308.7,616,Medium,Up
C407,Q3,147.27,1434.79,1.77,0.72,11.57,47.44,300.51,786,Low,Stable
C303,Q4,4403.0,669.49,3.34,3.85,19.88,24.08,430.01,304,High,Up
C287,Q4,4829.77,1047.66,2.39,3.86,-4.36,42.97,2.16,670,Low,Up
C395,Q3,1740.77,498.78,4.08,3.52,17.5,5.0,95.37,487,High,Stable
C010,Q3,1725.61,403.72,0.86,3.4,-4.9,56.25,110.23,325,High,Stable
C195,Q2,85.1,492.18,3.97,1.6,4.11,35.27,475.01,461,High,Down
C118,Q1,3417.24,495.63,0.41,0.6,-0.78,39.12,77.27,429,High,Up
C270,Q4,4135.93,725.11,1.05,4.14,13.93,41.56,18.96,832,Low,Down
C080,Q3,775.71,723.9,3.32,2.71,-3.73,35.88,267.46,709,Low,Down
C458,Q4,840.35,645.16,4.29,1.88,8.84,52.12,264.51,372,High,Stable
C093,Q4,3960.91,29.14,1.34,0.96,2.37,38.53,422.1,532,High,Down
C266,Q3,3100.64,643.33,1.7,0.78,-1.66,54.93,474.46,405,High,Stable
C332,Q2,272.06,87.48,2.73,2.07,14.3,37.03,269.5,308,High,Up
C350,Q4,3131.61,14.43,1.14,4.12,0.44,14.41,465.03,349,High,Up
C361,Q2,1579.14,1385.5,4.07,4.63,0.59,55.25,362.72,821,Low,Up
C257,Q3,1875.19,828.42,3.89,4.54,1.88,42.49,132.65,741,Low,Down
C133,Q1,3860.17,921.13,0.81,4.64,9.67,43.46,464.25,335,High,Stable
C276,Q1,4064.13,483.05,2.37,4.58,11.49,59.2,333.89,501,High,Stable
C264,Q4,2031.77,1345.27,3.9,2.87,-4.56,9.14,207.34,417,High,Up
C171,Q3,4738.41,884.48,1.75,1.49,1.05,28.57,340.28,468,High,Stable
C460,Q2,2061.99,1107.59,3.2,4.09,5.77,18.15,200.96,811,Low,Up
C001,Q4,3870.59,426.56,0.35,1.46,3.3,39.67,57.53,529,High,Up
C313,Q3,2445.19,1432.02,3.08,1.7,17.1,49.37,359.63,449,High,Down
C064,Q3,4492.79,1194.78,0.85,1.55,14.69,58.15,412.13,507,High,Up
C374,Q2,4543.42,1251.71,4.17,2.82,10.65,30.0,364.54,360,High,Down
C468,Q4,482.71,92.73,1.84,1.95,3.45,48.24,114.94,416,High,Down
C284,Q3,4685.64,260.64,1.48,1.19,12.52,55.44,478.34,538,High,Up
C121,Q3,4136.4,285.57,4.22,2.54,16.09,42.58,13.11,347,High,Up
C107,Q3,3966.99,260.55,0.35,4.43,9.87,18.35,166.68,747,Low,Down
C421,Q2,1044.51,1254.19,2.04,3.07,14.61,38.43,130.42,767,Low,Up
C175,Q4,4035.34,-145.8,1.91,4.45,13.73,58.35,24.54,592,Medium,Up
C485,Q4,4258.16,-70.63,1.5,1.38,9.29,59.32,203.16,724,Low,Stable
C204,Q4,1481.29,265.66,4.57,1.25,2.8,40.33,311.75,816,Low,Up
C165,Q4,4763.69,139.78,3.78,3.09,13.64,53.78,441.34,504,High,Down
C305,Q1,296.81,194.16,0.41,2.58,0.17,16.02,494.85,479,High,Down
C497,Q1,792.05,1156.5,3.6,3.47,14.49,18.53,404.14,828,Low,Stable
C120,Q4,2711.03,757.32,2.68,4.08,15.11,57.41,234.61,389,High,Stable
C044,Q2,2900.17,-190.19,4.51,3.88,15.55,12.44,361.99,799,Low,Up
C312,Q1,3243.49,529.85,1.63,4.74,6.82,15.51,421.89,407,High,Up
C156,Q3,134.0,493.4,2.91,2.29,-0.19,28.13,232.92,489,High,Down
C367,Q1,4803.82,-6.29,2.55,1.43,-2.51,37.43,392.63,479,High,Stable
C207,Q3,270.71,949.44,2.5,2.98,13.58,38.21,241.58,319,High,Up
C390,Q4,758.16,993.57,2.33,1.0,17.16,21.06,193.55,658,Medium,Down
C108,Q1,119.37,1025.52,1.11,1.8,11.27,55.63,263.28,306,High,Stable
C251,Q2,2855.95,1038.4,3.8,1.44,-1.4,55.33,338.09,621,Medium,Stable
C445,Q1,4664.72,-199.91,2.31,2.28,18.37,26.56,363.58,567,High,Down
C404,Q1,3346.44,1421.67,4.8,1.0,19.73,28.89,178.69,726,Low,Up
C370,Q1,4122.15,1184.15,1.38,0.64,5.83,43.64,285.87,595,Medium,Up
C334,Q4,115.74,1336.77,3.45,3.46,9.87,41.46,454.98,812,Low,Up
C130,Q2,2732.98,-173.41,4.71,3.25,14.43,26.03,488.17,686,Low,Up
C457,Q1,2324.84,1387.56,3.35,3.69,13.41,27.78,114.01,563,High,Stable
C293,Q2,2519.89,1176.64,4.37,3.47,19.19,24.14,96.82,389,High,Up
C020,Q4,407.46,1223.27,4.15,1.01,-2.13,17.95,338.5,787,Low,Up
C282,Q3,3437.96,-41.41,1.86,1.81,9.52,30.2,207.63,560,High,Up
C285,Q1,2540.94,1055.92,3.04,1.08,12.3,42.75,12.6,787,Low,Down
C001,Q2,3837.49,1431.86,0.87,4.29,17.25,45.81,173.76,640,Medium,Down
C119,Q2,2452.19,953.53,2.72,3.86,16.85,47.84,403.47,628,Medium,Down
C035,Q4,789.44,769.95,1.23,1.41,19.45,25.61,398.81,700,Low,Stable
C198,Q1,3258.87,1407.57,3.74,2.04,7.8,47.05,247.6,656,Medium,Down
C485,Q3,903.31,552.99,2.69,4.85,15.77,5.36,236.55,798,Low,Up
C245,Q2,4368.35,818.8,2.12,3.17,5.68,31.24,289.96,734,Low,Stable
C059,Q1,3084.93,609.78,1.42,4.11,5.56,48.66,110.09,418,High,Stable
C325,Q3,828.16,1385.84,4.99,1.69,1.33,39.65,263.26,346,High,Up
C161,Q2,4813.57,-70.66,0.45,1.45,15.46,31.07,6.02,467,High,Up
C497,Q2,2615.91,651.9,0.31,4.03,19.65,40.46,238.04,647,Medium,Stable
C179,Q3,410.85,967.82,1.16,3.59,1.41,54.88,168.36,803,Low,Up
C206,Q3,3152.82,1146.24,4.86,3.56,-3.6,36.15,337.6,838,Low,Down
C012,Q4,1303.33,791.13,4.9,2.99,15.39,48.99,319.36,595,Medium,Stable
C490,Q1,4028.28,1345.16,3.31,3.04,10.51,58.94,190.73,812,Low,Up
C276,Q1,4098.22,1401.39,4.41,3.81,18.99,43.81,4.13,473,High,Down
C181,Q4,4895.79,-90.66,1.15,1.72,1.31,36.53,126.51,694,Low,Up
C242,Q2,2534.25,484.03,4.86,2.09,-3.22,7.06,316.86,829,Low,Up
C216,Q3,2302.04,-160.12,0.8,4.42,7.31,25.6,36.65,602,Medium,Down
C251,Q3,3779.7,360.01,0.6,1.89,-2.86,36.1,54.27,501,High,Up
C299,Q3,705.73,712.68,0.65,2.96,1.54,48.85,323.69,832,Low,Stable
C126,Q2,2757.23,1348.35,2.91,3.66,-1.85,29.1,378.01,455,High,Up
C482,Q3,2753.93,1239.14,3.93,5.0,0.6,57.8,161.11,313,High,Up
C217,Q3,492.89,16.75,1.9,2.46,-2.35,19.95,245.09,319,High,Up
C306,Q4,2119.02,-41.85,4.89,2.43,18.85,45.95,472.88,756,Low,Stable
C285,Q2,4273.76,801.75,2.23,4.29,1.96,28.05,472.8,472,High,Up
C185,Q1,4287.96,704.6,0.84,4.12,6.1,31.73,154.1,744,Low,Up
C039,Q4,541.23,252.84,2.38,3.79,17.47,49.14,405.09,421,High,Down
C223,Q4,499.07,1329.07,3.43,2.58,11.93,21.29,297.18,796,Low,Down
C184,Q1,1350.34,1376.52,4.18,1.96,10.45,10.32,487.75,483,High,Up
C495,Q4,4380.09,484.44,2.35,3.24,12.64,33.61,239.07,348,High,Stable
C427,Q2,688.07,1313.51,3.01,4.44,15.72,34.08,387.47,480,High,Stable
C178,Q3,3613.98,452.71,1.41,4.48,16.94,48.84,384.18,693,Low,Down
C407,Q2,550.77,1052.59,3.26,0.99,11.07,58.26,248.97,692,Low,Down
C428,Q1,3134.53,609.1,4.93,2.43,17.25,8.04,397.92,647,Medium,Stable
C294,Q1,1812.53,8.39,0.34,2.59,8.38,37.54,130.89,775,Low,Down
C340,Q4,3955.12,1377.49,4.44,4.9,1.93,42.47,61.57,440,High,Stable
C151,Q2,1206.77,571.96,2.86,3.55,17.0,59.22,212.87,829,Low,Up
C384,Q2,3214.05,1048.63,1.34,2.33,8.54,56.84,471.84,770,Low,Down
C126,Q1,1216.63,424.2,4.78,0.62,17.65,44.18,250.62,562,High,Stable
C301,Q2,3582.62,-167.9,2.47,3.04,-4.0,33.7,317.81,442,High,Up
C308,Q1,4374.71,-29.1,1.73,0.93,4.94,13.88,312.27,445,High,Up
C336,Q2,677.67,643.57,0.99,4.26,18.7,26.13,66.72,593,Medium,Down
C434,Q2,4339.65,972.94,1.3,3.89,1.24,37.18,195.45,837,Low,Stable
C234,Q2,2988.2,369.05,4.18,2.57,18.54,44.89,353.62,808,Low,Up
C380,Q1,679.2,982.33,3.11,2.43,18.85,39.95,486.01,721,Low,Stable
C375,Q4,2166.33,987.68,4.57,4.54,17.05,44.28,84.42,716,Low,Down
C008,Q2,846.26,996.69,1.24,1.8,9.09,28.6,205.52,406,High,Stable
C498,Q1,3516.72,637.29,0.69,1.62,11.17,45.02,48.0,617,Medium,Stable
C341,Q1,3806.4,1355.31,0.13,4.73,16.74,12.91,121.57,358,High,Down
C129,Q2,573.69,631.63,2.59,4.14,14.4,13.94,188.69,557,High,Stable
C264,Q2,2555.39,565.45,4.99,4.19,10.75,13.96,270.55,724,Low,Up
C157,Q4,4082.39,138.95,3.51,1.38,19.56,54.0,115.67,830,Low,Stable
C352,Q1,4684.01,323.01,1.61,1.14,12.14,9.18,114.17,465,High,Up
C358,Q1,2591.91,-128.03,4.4,0.62,19.39,49.08,389.03,324,High,Up
C005,Q3,4753.88,877.01,3.93,1.57,-3.57,17.85,481.34,303,High,Down
C495,Q1,2701.66,222.51,0.18,3.98,-1.53,30.76,162.14,302,High,Up
C086,Q4,2001.24,317.06,4.1,1.58,6.29,55.38,344.15,717,Low,Stable
C175,Q3,4248.61,1110.38,1.57,3.78,4.62,37.23,129.41,661,Medium,Stable
C290,Q3,2490.26,356.28,0.83,1.63,14.57,16.56,464.01,668,Medium,Up
C193,Q3,2385.92,211.73,1.21,2.28,-0.98,20.62,336.61,838,Low,Up
C311,Q2,2477.05,87.4,2.4,4.92,19.4,55.62,401.44,645,Medium,Down
C119,Q2,4241.59,1117.26,2.18,1.6,2.88,28.49,25.15,343,High,Stable
C218,Q1,4168.11,20.5,1.52,2.19,5.72,37.28,299.45,452,High,Stable
C427,Q3,2047.42,571.38,0.94,1.85,1.87,30.3,264.04,501,High,Up
C458,Q4,1699.83,661.78,3.83,0.99,9.48,25.81,146.85,620,Medium,Stable
C414,Q2,2485.04,968.56,4.95,2.7,-3.53,17.28,131.58,763,Low,Up
C114,Q4,2885.22,876.58,3.91,2.2,-1.26,42.74,290.22,310,High,Up
C466,Q4,1229.77,1178.23,1.55,3.63,13.64,44.5,353.39,526,High,Up
C145,Q2,3980.08,-123.92,1.3,4.18,-0.34,20.12,17.07,632,Medium,Up
C026,Q2,2458.09,303.95,1.17,2.95,0.89,48.4,283.92,768,Low,Down
C136,Q2,1703.53,276.23,0.77,0.64,14.82,52.0,85.64,314,High,Down
C303,Q2,578.76,48.23,2.8,3.29,-2.67,55.64,70.61,356,High,Stable
C232,Q3,1232.28,291.6,3.07,0.75,5.94,13.87,311.75,629,Medium,Down
C369,Q3,4748.94,326.6,3.56,3.27,-4.42,21.72,155.78,363,High,Up
C076,Q3,1560.24,687.2,3.43,3.58,3.67,52.32,220.72,529,High,Down
C475,Q3,885.85,928.3,1.53,1.39,12.47,15.92,180.32,310,High,Up
C328,Q1,2330.33,447.87,1.72,4.19,-2.75,5.19,324.34,523,High,Down
C345,Q3,1570.08,1023.1,3.44,4.6,17.21,52.9,235.32,841,Low,Up
C302,Q2,224.04,371.48,1.81,4.16,17.74,22.95,481.75,805,Low,Up
C452,Q4,1649.57,293.48,1.14,1.87,-2.38,27.8,176.52,821,Low,Up
C289,Q3,2743.34,720.02,1.93,3.14,19.77,29.55,370.27,353,High,Stable
C001,Q1,2780.98,-159.68,1.43,4.62,2.44,51.66,129.02,456,High,Down
C147,Q2,1814.97,-64.36,0.53,1.94,-2.9,23.58,254.62,704,Low,Stable
C287,Q4,2264.15,510.55,4.17,4.19,-4.87,54.08,276.51,698,Low,Down
C464,Q4,4829.31,1402.95,4.28,0.54,5.21,38.93,164.89,702,Low,Stable
C142,Q3,1917.87,1026.57,1.18,0.52,10.75,34.0,236.15,388,High,Up
C053,Q4,1328.22,-50.18,0.42,3.92,3.3,22.91,140.0,485,High,Stable
C304,Q3,1255.16,1238.74,3.72,3.93,15.92,18.4,3.5,378,High,Up
C069,Q3,2315.93,1044.91,1.14,4.05,12.92,39.32,108.22,444,High,Up
C361,Q2,3809.62,838.61,2.03,4.69,3.75,29.58,350.18,313,High,Stable
C090,Q2,1069.64,1194.5,0.41,1.03,13.36,55.08,385.6,301,High,Stable
C446,Q1,3561.02,486.99,1.21,1.54,18.51,32.04,140.46,815,Low,Stable
C220,Q2,154.69,176.55,3.99,4.57,-2.67,33.15,204.32,365,High,Up
C450,Q2,2123.72,670.44,4.04,1.3,2.65,27.92,19.16,545,High,Stable
C498,Q3,3890.53,733.03,1.11,3.57,6.58,48.41,118.91,729,Low,Up
C192,Q2,1726.73,715.15,1.75,2.89,7.45,28.37,389.72,531,High,Up
C454,Q3,2840.5,760.63,0.76,0.87,8.55,19.81,303.19,735,Low,Stable
C063,Q3,1064.65,1412.8,0.46,1.78,2.52,52.41,103.28,652,Medium,Down
C073,Q2,3722.88,1333.82,4.96,2.84,11.68,37.83,129.09,682,Low,Stable
C161,Q1,308.78,1288.72,3.31,4.34,11.13,37.53,408.49,359,High,Up
C169,Q1,4270.09,1162.41,2.76,3.68,9.45,38.6,104.94,769,Low,Stable
C089,Q4,1031.07,1403.83,3.85,3.3,-2.16,44.54,167.41,710,Low,Down
C176,Q4,4378.27,-32.56,4.22,2.73,6.92,22.22,332.35,382,High,Down
C269,Q2,1795.02,250.71,4.05,1.84,3.91,6.86,280.78,373,High,Up
C073,Q1,3627.28,641.6,0.18,1.04,7.28,49.58,230.7,610,Medium,Stable
C245,Q3,1630.17,1239.11,1.02,2.34,18.05,12.09,449.92,753,Low,Stable
C077,Q4,4534.26,658.78,3.31,0.63,7.01,44.7,110.25,325,High,Down
C159,Q3,676.85,1071.66,1.94,1.45,-4.65,9.53,370.84,725,Low,Stable
C489,Q4,933.67,36.23,4.91,2.45,5.97,25.64,79.95,676,Low,Down
C459,Q2,2490.5,229.1,3.36,2.38,15.52,8.47,308.06,542,High,Stable
C324,Q1,455.6,1044.02,4.79,0.7,14.5,33.72,435.38,622,Medium,Stable
C098,Q4,1020.1,80.05,1.09,3.15,7.83,40.92,229.22,479,High,Up
C381,Q1,4721.64,397.31,4.33,2.97,1.24,14.43,362.29,565,High,Down
C102,Q3,4883.62,250.27,1.67,0.85,6.63,25.44,410.29,849,Low,Up
C494,Q2,1912.48,394.76,4.95,4.74,9.09,56.16,68.45,679,Low,Down
C132,Q1,4620.27,1004.15,0.87,0.95,20.0,29.33,353.06,376,High,Stable
C102,Q2,2746.88,425.34,2.63,4.35,11.1,49.14,459.96,823,Low,Up
C019,Q1,1385.23,743.95,3.98,0.5,12.36,56.0,288.4,348,High,Up
C454,Q3,3526.87,-30.12,2.22,4.47,7.29,58.59,93.47,553,High,Stable
C482,Q3,3311.56,1168.53,2.39,0.59,3.86,54.41,63.91,679,Low,Down
C082,Q2,4946.17,428.81,4.93,3.91,15.32,22.46,130.24,548,High,Down
C397,Q3,1361.98,902.51,2.18,2.13,7.37,57.94,52.2,371,High,Up
C489,Q4,3376.69,1033.16,3.06,3.82,19.87,49.68,256.94,746,Low,Up
C279,Q1,307.52,156.42,0.37,2.31,6.43,51.04,35.32,805,Low,Up
C339,Q3,612.55,1303.95,4.23,0.82,-3.3,5.83,112.09,552,High,Stable
C365,Q4,69.4,847.58,3.28,3.95,12.06,57.48,220.24,598,Medium,Down
C331,Q2,4997.33,528.83,2.08,0.82,-3.83,47.79,237.22,359,High,Down
C129,Q4,4021.25,109.97,0.18,4.65,1.26,47.24,282.92,656,Medium,Up
C344,Q2,3944.28,1401.91,3.0,0.73,3.84,9.48,352.95,456,High,Up
C310,Q2,2573.14,1083.62,0.16,2.66,13.49,17.79,24.09,641,Medium,Up
C455,Q1,1535.33,153.64,0.11,3.75,7.36,57.92,40.77,501,High,Down
C089,Q1,798.76,374.11,3.12,2.27,-4.28,32.54,30.9,334,High,Up
C213,Q4,1459.14,1176.45,1.03,1.48,10.42,26.88,211.86,834,Low,Stable
C143,Q1,1911.06,982.65,1.04,3.92,5.29,51.2,21.4,755,Low,Up
C065,Q1,3793.73,1101.83,3.3,4.03,18.05,9.8,373.17,464,High,Up
C076,Q1,2721.33,550.04,0.36,4.65,7.49,27.93,111.89,327,High,Down
C199,Q4,433.54,1018.01,1.64,2.19,12.72,25.66,469.64,671,Low,Up
C143,Q3,139.24,457.04,0.83,2.78,0.47,24.24,243.46,613,Medium,Stable
C405,Q1,556.54,159.15,2.94,2.13,14.02,21.92,223.44,583,Medium,Stable
C403,Q1,2081.97,875.55,3.34,1.66,13.02,16.55,390.38,597,Medium,Up
C316,Q4,4669.3,1459.22,3.63,3.88,17.6,14.51,356.72,774,Low,Down
C093,Q3,3205.14,328.02,1.35,2.03,-4.15,40.22,303.85,648,Medium,Down
C473,Q1,4019.04,583.65,0.54,2.43,6.19,55.57,467.61,744,Low,Stable
C417,Q2,2358.55,945.8,0.49,2.32,11.98,32.99,211.42,506,High,Up
C305,Q4,1840.25,720.56,2.19,3.71,-2.62,21.39,404.36,716,Low,Up
C224,Q1,586.58,1233.83,4.73,4.63,5.27,13.75,190.36,738,Low,Down
C497,Q1,4385.87,1094.96,1.17,3.5,18.55,50.66,419.25,464,High,Down
C291,Q2,3926.64,-100.89,1.36,2.62,5.9,58.43,130.11,719,Low,Stable
C428,Q2,882.18,1497.32,0.59,4.01,19.64,24.2,144.99,670,Low,Stable
C102,Q4,2585.69,1079.08,3.07,3.38,-3.58,21.0,339.1,565,High,Up
C474,Q4,2462.51,1268.64,3.43,0.77,12.95,38.08,106.75,578,High,Stable
C267,Q2,3144.2,907.04,3.25,0.93,9.53,47.64,114.96,781,Low,Stable
C355,Q4,4733.63,1255.68,4.32,0.67,7.51,30.05,152.98,816,Low,Stable
C456,Q2,2919.87,-8.95,2.48,2.56,19.27,39.65,339.62,381,High,Stable
C110,Q1,2724.08,391.15,0.76,4.22,-1.76,44.41,444.75,418,High,Stable
C462,Q2,299.1,1289.92,1.52,1.91,17.4,57.83,337.45,602,Medium,Up
C330,Q2,361.39,142.81,3.35,2.23,12.28,14.08,413.99,514,High,Stable
C450,Q3,977.37,-66.99,3.1,4.59,1.47,59.86,272.01,327,High,Up
C430,Q2,210.73,1139.8,2.7,4.27,17.54,26.57,34.93,797,Low,Up
C265,Q2,3729.6,1220.33,3.45,3.49,5.73,44.78,50.68,836,Low,Down
C003,Q3,3630.49,76.51,3.22,1.7,15.36,36.48,277.42,818,Low,Stable
C085,Q4,723.48,1252.39,4.42,1.03,4.72,31.77,164.24,493,High,Down
C282,Q3,4188.59,967.51,2.97,0.57,16.27,43.39,110.67,741,Low,Stable
C328,Q1,816.19,684.14,3.92,0.98,10.92,26.77,233.4,335,High,Down
C304,Q3,1540.82,1211.43,1.32,1.82,-1.47,11.94,333.42,557,High,Up
C450,Q1,1282.44,512.72,3.42,2.98,11.24,31.89,192.8,412,High,Up
C454,Q4,1892.92,129.79,4.52,0.79,-0.22,33.71,401.37,593,Medium,Down
C412,Q3,1310.59,284.25,1.99,1.11,5.3,16.1,369.39,313,High,Up
C117,Q3,2470.31,658.78,3.92,1.31,-0.74,56.46,367.59,439,High,Down
C221,Q4,2066.67,703.26,3.65,3.34,-4.45,17.51,492.6,670,Low,Up
C154,Q1,4933.52,1169.49,0.39,3.27,0.3,27.51,147.97,726,Low,Stable
C153,Q3,326.84,1145.3,2.95,2.98,8.41,13.52,322.54,396,High,Down
C012,Q1,753.8,788.32,0.74,1.63,7.04,34.47,427.81,787,Low,Down
C133,Q3,311.49,1127.34,4.84,2.17,7.54,21.92,289.97,641,Medium,Up
C482,Q2,3147.91,126.01,4.08,0.94,1.19,31.91,394.86,791,Low,Up
C304,Q3,319.82,-114.89,0.64,1.52,12.13,17.35,207.52,799,Low,Stable
C293,Q4,4190.38,1285.18,0.7,4.54,12.61,7.96,295.45,731,Low,Down
C463,Q4,2584.1,-71.56,3.01,4.91,3.95,47.86,28.31,488,High,Up
C300,Q1,2658.69,219.37,1.79,3.41,17.03,40.26,492.89,381,High,Up
C228,Q3,2829.89,982.04,0.27,4.63,11.1,23.74,400.11,479,High,Stable
C271,Q1,895.53,496.06,2.75,3.39,12.83,7.61,434.47,714,Low,Up
C043,Q1,1028.57,1289.73,2.0,0.65,1.93,52.61,347.3,404,High,Up
C432,Q2,1628.15,306.57,0.6,4.99,-4.98,14.34,93.43,680,Low,Up
C343,Q2,2987.81,-179.82,4.03,0.95,16.63,56.19,16.0,628,Medium,Stable
C326,Q4,1090.08,311.11,4.58,3.57,15.56,31.32,432.4,548,High,Stable
C302,Q1,625.84,782.73,3.81,1.64,-1.92,23.72,198.47,371,High,Up
C498,Q4,4852.08,439.1,4.13,2.26,4.35,45.8,132.3,432,High,Up
C364,Q3,158.81,709.28,1.16,3.41,11.53,53.23,281.06,539,High,Down
C379,Q1,4023.35,1290.22,1.39,2.46,11.3,25.39,210.74,377,High,Up
C427,Q1,3950.77,1351.22,1.12,1.63,16.51,27.4,326.01,760,Low,Up
C493,Q3,1521.21,252.16,3.85,2.01,-1.49,28.82,242.15,424,High,Up
C021,Q3,721.35,585.64,4.74,2.04,5.75,55.73,348.77,310,High,Up
C407,Q4,770.86,733.54,3.61,4.82,-2.57,43.09,426.78,767,Low,Stable
C107,Q4,3502.29,1413.49,4.42,4.09,4.74,18.62,98.18,706,Low,Down
C336,Q3,3231.89,1497.65,3.23,2.56,-4.62,15.17,165.05,326,High,Stable
C303,Q4,3924.59,200.19,2.0,1.4,17.46,17.67,218.69,506,High,Down
C117,Q3,4690.53,1035.87,2.19,4.15,8.18,19.5,481.05,521,High,Stable
C124,Q1,3475.04,442.65,0.47,1.21,16.25,17.66,182.98,611,Medium,Stable
C399,Q1,821.47,-186.22,0.25,1.45,-3.5,41.22,190.86,681,Low,Up
C281,Q2,1255.04,-184.27,3.51,2.15,0.69,11.38,326.91,614,Medium,Up
C292,Q1,4218.86,582.96,2.25,4.46,1.48,26.3,209.89,507,High,Stable
C203,Q3,1086.07,630.17,2.81,1.09,4.67,39.38,475.64,595,Medium,Stable
C051,Q4,408.99,-161.63,2.83,1.05,15.07,21.0,447.29,701,Low,Stable
C271,Q2,3531.24,967.78,1.46,2.72,4.66,8.59,256.95,734,Low,Down
C324,Q4,2042.51,299.81,2.43,1.74,0.12,9.5,322.57,421,High,Down
C277,Q3,4604.2,751.82,2.41,3.06,-3.38,11.93,29.49,405,High,Up
C141,Q1,3268.76,311.56,2.0,2.53,-3.01,50.97,348.02,335,High,Down
C470,Q2,497.57,84.13,4.12,2.46,14.0,41.18,353.75,849,Low,Stable
C275,Q3,4741.89,492.2,2.31,1.0,6.12,8.55,179.92,371,High,Stable
C290,Q2,1329.86,194.86,3.06,1.13,13.15,26.51,110.23,466,High,Up
C334,Q2,1719.2,709.16,4.49,4.19,12.06,20.32,457.58,520,High,Down
C381,Q1,2041.19,138.01,4.34,4.49,-1.62,36.79,213.64,375,High,Down
C452,Q3,303.56,664.29,4.46,1.56,-1.43,33.75,327.03,510,High,Up
C496,Q4,2507.75,67.54,1.42,1.01,13.88,31.46,17.15,527,High,Stable
C373,Q2,660.43,940.66,0.27,0.74,13.03,22.3,207.33,752,Low,Down
C052,Q2,2034.8,1081.69,1.38,3.24,4.45,12.58,408.72,786,Low,Up
C494,Q4,1786.01,-12.33,1.47,3.72,-3.06,45.83,194.09,773,Low,Down
C027,Q3,3875.56,595.26,4.56,2.18,-4.7,53.39,301.78,789,Low,Up
C157,Q2,4025.69,-79.52,3.28,3.56,2.2,56.93,105.32,675,Low,Down
C239,Q2,809.39,816.91,0.5,3.71,-4.77,8.22,208.55,530,High,Up
C156,Q2,1864.43,249.49,0.76,4.71,0.75,45.69,463.86,524,High,Up
C291,Q3,1898.1,696.96,0.86,0.79,5.49,44.96,283.44,774,Low,Down
C136,Q3,799.48,679.68,3.19,1.37,-1.96,57.09,451.01,379,High,Down
C144,Q4,4002.34,1371.4,3.7,0.81,-2.39,18.91,451.06,509,High,Down
C106,Q3,3550.78,733.44,4.31,4.41,17.41,45.82,472.1,596,Medium,Stable
C420,Q3,992.39,791.1,4.71,4.07,9.64,8.0,447.75,471,High,Stable
C158,Q1,1865.27,482.81,1.09,3.09,18.36,39.72,2.14,388,High,Stable
C146,Q4,573.73,1413.44,1.62,0.88,3.65,24.3,467.04,525,High,Down
C002,Q2,3159.62,1121.22,1.28,1.73,11.93,47.29,69.16,442,High,Up
C433,Q3,650.79,285.19,1.86,1.84,0.12,52.48,20.44,353,High,Up
C077,Q2,4930.37,1235.16,4.58,3.02,10.46,25.07,28.17,495,High,Down
C132,Q2,3914.38,535.07,2.92,1.66,-1.76,33.91,174.78,788,Low,Stable
C090,Q1,1981.68,1208.73,3.72,0.83,-4.95,11.46,310.59,597,Medium,Stable
C345,Q3,2913.89,1198.91,2.5,3.79,18.29,27.93,201.45,729,Low,Down
C350,Q4,4561.14,121.08,0.24,1.85,8.87,24.84,13.26,836,Low,Down
C459,Q3,2792.79,991.94,0.41,2.54,18.17,15.07,238.5,799,Low,Down
C263,Q2,913.77,294.09,2.74,1.07,3.35,54.2,221.34,505,High,Stable
C351,Q4,1924.58,305.74,3.62,4.11,3.19,13.14,378.55,436,High,Stable
C108,Q3,4223.57,303.79,1.16,3.04,5.02,39.97,140.17,707,Low,Stable
C074,Q2,3238.85,1033.47,3.64,4.56,12.65,53.96,109.16,578,High,Down
C039,Q2,3271.09,190.7,4.07,2.73,9.15,55.16,128.34,744,Low,Up
C397,Q1,4340.77,-198.46,2.12,4.74,18.13,48.63,152.22,570,High,Up
C159,Q1,4475.17,1015.9,3.76,4.51,-4.36,14.69,299.78,740,Low,Up
C071,Q1,4602.97,91.01,2.08,3.09,12.7,49.96,236.03,527,High,Up
C447,Q2,519.5,-22.38,3.42,4.7,3.26,20.21,168.78,426,High,Stable
C312,Q3,2743.42,203.78,3.84,1.95,-0.49,55.73,187.47,569,High,Up
C241,Q1,3715.52,445.83,4.96,2.15,7.76,44.0,185.78,786,Low,Up
C426,Q3,3796.79,609.04,1.79,0.7,7.63,48.19,486.22,847,Low,Down
C445,Q1,3053.25,-124.23,2.11,3.15,-1.57,9.68,116.88,454,High,Down
C298,Q4,875.6,1449.97,0.91,3.75,0.05,37.05,409.12,318,High,Stable
C440,Q4,3997.23,1017.31,1.1,3.98,5.2,50.16,354.25,724,Low,Up
C036,Q1,3614.55,349.43,3.5,1.17,5.22,52.39,3.28,357,High,Stable
C084,Q2,476.37,341.79,4.59,2.5,2.94,6.57,496.59,722,Low,Up
C452,Q1,2345.86,562.52,2.03,1.3,-1.29,56.65,378.34,847,Low,Stable
C374,Q1,911.19,864.62,0.98,3.48,-4.89,7.38,341.38,401,High,Down
C263,Q2,1720.51,48.83,1.5,1.21,19.26,38.8,202.96,375,High,Down
C310,Q4,139.5,121.18,2.33,4.57,18.59,43.14,277.82,365,High,Up
C385,Q3,2031.63,1261.04,1.52,1.54,7.09,10.9,127.01,450,High,Down
C172,Q1,2771.89,235.63,1.24,1.81,19.88,7.64,18.22,736,Low,Stable
C376,Q2,3116.93,446.33,3.71,4.33,11.84,48.17,418.09,367,High,Up
C173,Q1,3334.28,1281.16,0.14,2.56,-3.28,26.16,448.29,534,High,Up
C362,Q2,4189.64,927.35,2.74,0.61,-2.06,10.89,81.65,397,High,Stable
C047,Q3,1116.54,380.91,3.99,2.73,17.9,46.95,393.63,308,High,Down
C379,Q3,646.39,962.29,1.4,0.88,10.75,51.7,370.71,803,Low,Stable
C141,Q4,4265.11,-166.54,3.06,4.93,16.08,37.31,89.6,789,Low,Stable
C375,Q2,825.23,1050.59,3.38,3.15,17.46,13.87,211.2,726,Low,Up
C406,Q2,4875.06,627.93,3.31,1.65,6.2,5.84,211.67,526,High,Up
C118,Q4,4220.56,1182.41,2.28,3.04,-3.79,43.54,380.1,316,High,Stable
C277,Q4,2529.34,1422.88,1.8,0.85,-0.29,35.26,418.91,527,High,Down
C214,Q2,4908.04,1373.84,4.2,4.1,-3.34,40.79,47.84,537,High,Up
C220,Q4,532.01,1345.75,3.82,4.66,-0.28,49.73,281.7,680,Low,Down
C393,Q3,1550.18,670.69,1.67,4.43,5.26,28.88,380.99,686,Low,Up
C026,Q1,3209.21,412.24,0.6,2.04,-2.05,11.85,393.2,553,High,Stable
C009,Q3,1782.53,590.56,0.45,1.97,-0.83,56.7,74.42,607,Medium,Up
C271,Q4,4645.44,972.82,0.56,0.66,6.15,34.99,262.99,613,Medium,Up
C010,Q2,374.85,1302.8,2.96,3.43,3.5,38.84,428.85,600,Medium,Up
C472,Q2,2769.59,151.88,0.35,2.91,6.69,56.34,159.6,417,High,Up
C378,Q3,2974.79,1360.93,1.75,2.57,5.73,56.24,212.85,349,High,Down
C121,Q2,3281.0,1185.81,3.79,4.58,11.11,36.47,402.28,480,High,Down
C125,Q4,1315.55,1464.06,1.54,1.26,18.43,21.37,45.12,842,Low,Stable
C170,Q3,1854.6,1296.43,3.84,0.54,-2.3,59.84,429.82,626,Medium,Down
C072,Q2,4226.22,275.89,3.75,0.83,-2.52,42.44,155.92,802,Low,Up
C152,Q1,1014.97,-19.87,1.3,1.51,16.32,27.46,1.22,795,Low,Down
C208,Q1,4143.0,-9.19,3.67,0.65,7.66,35.79,117.46,545,High,Stable
C049,Q4,2835.14,295.08,3.76,2.76,14.16,27.87,45.21,842,Low,Up
C154,Q2,3822.83,844.11,2.05,1.91,0.39,53.86,46.65,401,High,Up
C347,Q4,3582.36,1167.34,1.13,1.31,15.72,31.54,346.57,529,High,Down
C293,Q3,1077.18,1328.73,2.65,3.88,18.1,50.29,107.38,687,Low,Up
C068,Q1,2865.62,860.38,4.61,1.42,10.89,51.21,467.4,510,High,Up
C050,Q3,4345.23,-190.43,3.23,3.59,-2.35,50.34,258.46,729,Low,Stable
C152,Q2,2188.98,116.74,0.95,2.07,17.38,44.72,230.32,638,Medium,Stable
C019,Q4,4834.62,-30.47,3.45,2.8,14.81,52.02,217.42,483,High,Down
C100,Q4,2288.46,417.65,2.19,4.7,13.77,26.3,346.45,355,High,Stable
C060,Q4,756.79,652.3,3.0,0.67,-4.08,11.31,226.41,581,Medium,Up
C167,Q3,1977.7,-126.22,3.7,2.75,14.97,51.33,64.74,427,High,Down
C202,Q1,4760.93,392.41,2.62,4.34,-1.55,32.4,440.15,807,Low,Down
C345,Q3,1632.62,104.61,4.09,3.15,0.56,12.01,214.48,515,High,Down
C146,Q3,4347.09,900.02,3.64,1.75,9.43,11.34,37.47,389,High,Up
C403,Q2,4412.19,589.26,3.11,2.29,1.62,13.76,264.92,613,Medium,Stable
C164,Q2,1783.42,642.04,0.84,3.56,11.53,46.3,323.85,532,High,Stable
C458,Q2,462.13,527.08,4.2,4.51,10.2,44.1,138.15,546,High,Down
C481,Q1,3636.56,1425.23,4.69,0.68,-2.3,16.21,400.27,741,Low,Up
C439,Q1,1591.99,165.05,0.77,0.82,11.4,51.58,335.05,434,High,Up
C242,Q2,3925.47,678.33,2.49,1.96,18.1,20.47,325.35,301,High,Up
C069,Q2,2241.14,1051.23,1.37,1.55,-0.97,48.61,210.7,460,High,Up
C175,Q1,2452.07,746.64,3.8,1.69,9.93,31.88,480.98,439,High,Stable
C049,Q4,3900.65,1379.34,3.64,1.5,3.55,45.24,137.46,603,Medium,Stable
C483,Q1,1942.7,442.55,0.79,1.38,6.49,25.98,289.06,759,Low,Down
C108,Q1,2243.48,588.25,4.4,1.09,2.18,24.09,154.87,424,High,Stable
C226,Q1,1912.14,-49.51,0.99,4.7,3.85,51.27,372.53,646,Medium,Up
C161,Q2,1868.34,835.3,4.01,1.15,-4.28,6.94,24.37,623,Medium,Stable
C119,Q4,2653.44,289.96,2.34,1.42,19.54,58.61,23.42,706,Low,Up
C149,Q1,4053.56,72.53,1.71,1.61,10.62,40.65,405.53,768,Low,Up
C465,Q2,1840.75,725.7,0.88,4.7,7.52,28.79,217.42,463,High,Up
C150,Q3,2645.06,704.93,0.92,3.9,4.59,39.54,170.92,539,High,Stable
C432,Q3,3370.1,-71.02,3.34,4.05,8.48,11.75,303.96,512,High,Down
C293,Q1,1383.73,986.97,2.8,0.97,4.5,33.27,351.1,448,High,Up
C143,Q3,1423.74,860.41,0.7,4.26,4.0,59.18,101.0,402,High,Down
C419,Q4,4670.39,121.33,0.65,2.34,6.6,17.94,93.12,482,High,Up
C476,Q3,3631.5,598.04,0.45,1.68,1.9,44.73,479.1,804,Low,Up
C455,Q3,2907.07,1024.55,3.74,3.09,-0.5,28.92,295.04,824,Low,Stable
C160,Q4,3256.21,700.04,3.59,4.2,8.92,40.89,195.36,679,Low,Up
C011,Q1,195.03,472.33,0.39,4.0,16.07,16.27,400.82,323,High,Stable
C138,Q1,3109.61,347.98,2.85,4.5,-1.18,30.88,262.82,432,High,Down
C457,Q4,2572.07,837.67,0.51,4.68,-4.18,58.91,121.21,349,High,Up
C078,Q4,2751.46,1396.48,4.53,1.57,1.17,15.74,103.76,325,High,Up
C077,Q4,1829.15,941.97,4.54,2.41,19.49,40.0,198.73,310,High,Down
C441,Q3,453.3,-72.93,3.52,0.57,15.72,36.66,430.02,401,High,Up
C254,Q4,1007.03,583.16,4.64,4.46,9.9,36.08,31.19,310,High,Down
C409,Q2,4756.19,1314.4,4.08,1.2,18.23,38.83,109.65,411,High,Stable
C258,Q3,2073.06,-39.41,4.16,4.38,6.13,32.62,446.63,466,High,Stable
C320,Q1,2360.08,1481.09,2.89,1.98,19.58,5.93,61.31,706,Low,Down
C291,Q1,310.91,1413.42,1.6,2.16,2.41,54.51,315.0,344,High,Stable
C263,Q1,235.95,-66.93,1.17,0.68,1.01,50.48,107.15,658,Medium,Up
C085,Q3,3600.05,1386.8,1.7,1.97,10.95,14.58,303.13,584,Medium,Up
C146,Q2,2713.57,417.33,3.18,4.5,4.45,27.73,191.86,699,Low,Stable
C323,Q4,2568.09,1236.01,0.95,0.61,10.66,47.38,51.29,750,Low,Up
C042,Q4,1253.47,511.25,1.37,2.33,2.62,58.9,291.45,743,Low,Down
C374,Q1,3736.52,549.45,2.39,0.64,10.45,57.31,341.68,687,Low,Stable
C125,Q1,882.77,878.21,1.24,2.17,1.89,54.46,340.3,655,Medium,Up
C167,Q3,990.18,1116.61,2.98,1.28,-3.73,13.71,318.7,724,Low,Up
C425,Q2,2330.53,-142.56,4.62,1.63,17.8,55.3,250.36,305,High,Down
C241,Q4,1467.09,808.37,3.77,4.45,17.08,53.31,259.98,740,Low,Stable
C459,Q3,1274.94,117.45,3.37,2.46,19.27,25.73,318.0,655,Medium,Up
C487,Q4,3243.93,388.11,2.96,1.73,12.91,26.7,345.28,567,High,Down
C280,Q1,3272.31,391.55,2.49,3.15,12.07,30.29,327.61,516,High,Down
C188,Q4,4131.36,597.4,1.01,1.14,8.98,41.09,293.68,363,High,Up
C302,Q2,2117.66,368.03,4.48,1.67,-1.85,19.35,78.34,741,Low,Up
C019,Q2,411.77,-17.49,1.32,2.96,-0.27,6.26,105.7,840,Low,Up
C068,Q1,1404.65,47.57,0.55,1.57,2.24,12.77,130.48,574,High,Stable
C218,Q2,4901.03,-143.16,3.78,3.56,17.25,29.21,459.87,769,Low,Down
C102,Q2,3001.48,599.42,0.96,2.71,-0.68,20.51,379.82,515,High,Stable
C042,Q3,3563.2,1422.56,1.92,3.97,18.07,47.05,276.66,493,High,Up
C288,Q4,86.42,-3.35,0.24,4.77,8.07,10.87,126.4,312,High,Stable
C167,Q1,2615.12,1408.65,0.77,1.02,12.89,55.46,55.89,521,High,Down
C109,Q1,235.77,1046.71,0.95,2.01,-2.24,54.24,449.43,695,Low,Up
C494,Q1,2867.69,883.75,0.37,1.94,1.73,54.98,446.39,569,High,Up
C036,Q1,4607.82,896.97,3.32,1.18,18.96,45.68,55.79,597,Medium,Down
C232,Q1,4843.67,1205.44,4.2,4.15,1.65,10.88,398.71,731,Low,Stable
C229,Q2,2725.74,-18.24,1.93,3.92,2.41,29.1,223.6,707,Low,Stable
C353,Q3,2318.11,658.08,4.39,2.68,-0.06,12.23,162.32,364,High,Down
C164,Q1,4727.83,985.05,1.15,2.92,-1.77,59.32,369.68,337,High,Up
C387,Q3,3384.37,797.59,1.69,0.77,0.83,23.32,307.36,327,High,Up
C073,Q3,371.25,1215.72,0.84,3.0,11.06,37.19,390.13,588,Medium,Up
C136,Q2,2355.34,-77.14,3.14,4.06,6.38,47.87,37.63,536,High,Up
C353,Q1,1239.21,974.19,2.16,3.08,8.84,55.63,159.63,425,High,Stable
C379,Q2,2375.53,707.85,3.11,1.69,-1.94,46.56,160.0,683,Low,Stable
C070,Q1,2304.55,444.57,3.83,3.5,15.05,42.1,165.21,625,Medium,Up
C425,Q2,2931.62,378.47,2.77,2.13,14.6,30.63,251.49,384,High,Stable
C487,Q3,1816.01,855.42,3.18,2.95,-4.46,38.3,141.87,545,High,Up
C196,Q1,863.14,1314.69,4.68,2.69,4.59,10.18,222.47,687,Low,Up
C269,Q4,2543.41,643.5,1.57,2.22,-3.28,53.62,184.2,565,High,Up
C049,Q3,4159.5,1202.03,1.86,3.73,14.8,34.91,367.78,504,High,Up
C316,Q4,3336.86,483.67,3.62,4.48,13.43,7.21,301.95,527,High,Up
C130,Q3,1724.92,-25.93,3.1,0.52,17.55,55.59,326.99,539,High,Up
C444,Q2,4680.84,-95.44,0.97,4.7,0.91,31.91,105.69,372,High,Down
C005,Q1,4565.43,-112.73,1.94,2.8,6.41,52.77,163.09,687,Low,Up
C428,Q3,1086.27,446.26,2.39,3.65,-0.39,52.13,11.07,677,Low,Down
C027,Q2,245.12,373.3,2.16,4.35,4.28,49.87,54.63,511,High,Up
C160,Q1,3719.48,1020.49,0.97,2.6,8.06,8.38,132.89,470,High,Stable
C149,Q1,4146.67,1062.8,4.63,4.26,-3.67,18.59,33.2,451,High,Stable
C264,Q3,4840.93,-113.55,3.84,1.3,12.87,53.16,301.51,403,High,Stable
C230,Q1,4454.69,175.91,2.46,1.22,8.58,54.44,499.07,521,High,Down
C200,Q3,3022.65,266.25,3.43,3.46,15.72,30.19,50.86,581,Medium,Down
C050,Q1,2673.76,730.94,4.5,4.42,1.79,29.2,410.7,687,Low,Up
C067,Q4,187.81,45.68,0.77,4.52,17.58,14.63,59.85,671,Low,Stable
C300,Q2,1270.95,27.7,1.33,3.4,19.97,58.26,335.12,428,High,Up
C381,Q4,2325.09,1404.44,2.76,2.86,17.98,16.72,321.76,703,Low,Up
C058,Q3,3161.09,1167.14,4.02,1.99,14.45,15.5,451.41,519,High,Up
C259,Q4,2808.4,107.11,0.28,4.91,15.31,41.34,57.42,472,High,Down
C342,Q3,3726.05,491.17,4.92,1.94,9.34,18.36,158.06,771,Low,Up
C326,Q1,1434.85,404.56,2.33,3.85,-0.25,56.63,45.84,752,Low,Stable
C130,Q1,2846.52,1144.71,1.86,2.89,11.93,5.6,203.99,801,Low,Up
C215,Q3,486.3,667.36,1.53,3.24,12.82,5.32,455.84,351,High,Stable
C172,Q4,2097.64,17.34,0.95,2.27,19.63,32.77,390.87,393,High,Up
C258,Q1,3763.3,1056.29,3.98,4.84,8.53,31.84,361.59,320,High,Stable
C102,Q2,3482.33,474.71,4.78,3.07,1.78,13.99,266.75,405,High,Down
C209,Q1,4953.68,246.97,2.13,4.72,12.09,32.2,441.8,499,High,Down
C291,Q2,1425.56,438.35,4.77,0.53,19.48,27.64,225.0,651,Medium,Down
C354,Q4,2516.04,646.19,4.14,3.08,-0.57,53.97,75.27,580,Medium,Down
C471,Q2,1681.18,383.3,2.46,3.73,3.15,5.51,418.87,581,Medium,Down
C286,Q2,2230.99,211.24,3.4,3.85,8.55,58.69,140.18,838,Low,Down
C116,Q2,4291.9,477.45,2.23,4.57,-0.74,39.34,27.29,544,High,Down
C264,Q2,3436.83,-167.41,2.84,0.52,-4.44,13.35,63.46,728,Low,Up
C150,Q1,4418.08,1113.25,0.38,0.5,3.42,7.57,304.72,337,High,Up
C300,Q2,1057.38,90.61,3.51,2.63,16.63,34.6,303.74,718,Low,Up
C442,Q1,4373.14,-125.36,0.36,0.63,-3.91,17.92,130.46,601,Medium,Stable
C036,Q2,345.82,911.29,4.1,4.89,5.72,21.56,363.73,370,High,Stable
C453,Q3,4448.57,1115.69,4.14,1.5,14.06,18.48,386.93,824,Low,Up
C333,Q4,1678.92,1183.51,1.26,2.63,18.83,40.76,460.29,473,High,Up
C477,Q2,1607.21,638.97,1.69,0.78,19.64,35.44,292.68,389,High,Down
C287,Q3,2584.84,149.13,2.46,2.85,5.55,9.29,389.82,667,Medium,Up
C303,Q2,4706.42,1053.29,3.02,2.21,18.76,33.96,376.67,506,High,Stable
C311,Q2,286.52,989.51,1.51,0.7,-4.11,48.52,129.28,361,High,Stable
C208,Q2,1793.54,218.66,3.0,2.01,13.65,9.47,155.46,618,Medium,Stable
C106,Q3,4290.03,1335.79,1.56,2.26,11.07,53.94,239.5,359,High,Stable
C446,Q4,2010.47,-22.57,0.37,4.95,1.24,36.81,10.01,404,High,Down
C158,Q3,1035.83,1470.57,0.11,1.44,7.68,57.28,149.05,538,High,Down
C121,Q4,2152.73,1262.42,0.6,2.95,-1.76,13.15,237.2,761,Low,Stable
C055,Q2,1958.48,969.43,3.98,4.94,16.79,59.65,54.48,426,High,Down
C400,Q1,4581.31,1395.87,4.81,4.06,3.95,40.44,63.57,382,High,Stable
C012,Q2,3821.58,1027.93,2.19,4.97,10.65,36.21,231.89,519,High,Stable
C145,Q4,2550.32,123.78,2.61,4.86,-1.03,33.34,365.62,707,Low,Up
C400,Q3,4942.43,551.67,0.82,2.7,0.15,6.3,416.96,729,Low,Stable
C396,Q2,2353.12,-78.44,2.8,3.63,19.8,56.68,273.38,812,Low,Down
C136,Q3,338.28,462.42,0.81,1.0,13.83,40.42,237.64,378,High,Up
C468,Q3,1348.26,1060.73,3.09,2.49,19.05,10.04,192.45,364,High,Stable
C003,Q3,2208.55,456.95,4.67,4.14,2.4,6.15,96.88,482,High,Up
C144,Q2,826.67,361.5,1.06,2.77,-0.89,7.79,73.71,365,High,Stable
C030,Q3,4740.45,812.1,3.85,3.66,7.58,38.52,396.05,507,High,Stable
C237,Q3,3845.9,1282.75,0.22,3.86,7.37,38.77,232.77,353,High,Up
C279,Q2,1378.02,-119.11,1.94,1.64,-0.63,32.48,395.26,520,High,Stable
C348,Q3,2974.48,455.3,0.64,4.44,13.33,21.87,352.19,535,High,Stable
C115,Q2,3621.17,69.01,1.83,2.57,4.04,34.25,97.35,737,Low,Down
C104,Q4,4709.33,982.1,0.95,1.45,-0.34,33.4,255.4,402,High,Up
C118,Q4,4414.09,-20.27,1.93,4.39,3.3,6.07,222.29,735,Low,Up
C005,Q4,2600.2,930.17,2.15,2.38,9.09,20.54,212.22,720,Low,Down
C468,Q3,3884.53,286.51,1.57,3.88,13.16,7.93,271.51,407,High,Up
C360,Q1,2832.62,138.16,3.32,2.97,7.05,54.51,491.05,823,Low,Down
C248,Q1,2785.88,1391.8,4.6,2.22,8.14,44.89,406.54,742,Low,Stable
C364,Q3,617.97,-168.51,2.06,4.14,-1.53,59.79,451.9,805,Low,Stable
C321,Q1,674.38,544.22,1.04,3.13,17.87,21.62,15.3,703,Low,Up
C121,Q2,2671.19,-163.23,1.43,2.26,18.22,53.32,70.6,642,Medium,Up
C286,Q1,1380.86,622.11,4.28,0.99,12.09,38.17,42.84,626,Medium,Stable
C149,Q3,154.13,651.78,2.9,4.53,-4.56,29.92,131.98,513,High,Down
C084,Q3,3628.05,346.83,2.33,0.66,8.43,17.24,221.23,621,Medium,Stable
